libId,BAD_CYCLES,CATEGORY,CODING_BASES,CORRECT_STRAND_READS,IGNORED_READS,INCORRECT_STRAND_READS,INTERGENIC_BASES,INTRONIC_BASES,LIBRARY,MEAN_READ_LENGTH,MEDIAN_3PRIME_BIAS,MEDIAN_5PRIME_BIAS,MEDIAN_5PRIME_TO_3PRIME_BIAS,MEDIAN_CV_COVERAGE,PCT_ADAPTER,PCT_CHIMERAS,PCT_CODING_BASES,PCT_CORRECT_STRAND_READS,PCT_INTERGENIC_BASES,PCT_INTRONIC_BASES,PCT_MRNA_BASES,PCT_PF_READS,PCT_PF_READS_ALIGNED,PCT_READS_ALIGNED_IN_PAIRS,PCT_RIBOSOMAL_BASES,PCT_USABLE_BASES,PCT_UTR_BASES,PERCENT_DUPLICATION,PF_ALIGNED_BASES,PF_ALIGNED_BASES,PF_BASES,PF_HQ_ALIGNED_BASES,PF_HQ_ALIGNED_Q20_BASES,PF_HQ_ALIGNED_READS,PF_HQ_ERROR_RATE,PF_HQ_MEDIAN_MISMATCHES,PF_INDEL_RATE,PF_MISMATCH_RATE,PF_NOISE_READS,PF_READS,PF_READS_ALIGNED,READS_ALIGNED_IN_PAIRS,READ_PAIRS_EXAMINED,READ_PAIR_DUPLICATES,READ_PAIR_OPTICAL_DUPLICATES,RIBOSOMAL_BASES,STRAND_BALANCE,TOTAL_READS,UNMAPPED_READS,UNPAIRED_READS_EXAMINED,UNPAIRED_READ_DUPLICATES,UTR_BASES,algn_seg_with_mult_algn,aligned,alignment_not_unique,ambiguous,fastq_total_reads,no_feature,not_aligned,reads_aligned_sam,reads_with_mult_align,too_low_aQual,mapped_reads_w_dups,%gc,adapter_content,basic_statistics,encoding,file_type,filename,kmer_content,overrepresented_sequences,per_base_n_content,per_base_sequence_content,per_base_sequence_quality,per_sequence_gc_content,per_sequence_quality_scores,per_tile_sequence_quality,sequence_duplication_levels,sequence_length,sequence_length_distribution,sequences_flagged_as_poor_quality,total_deduplicated_percentage,total_sequences,predicted_sex,sex_check,sexcheck_cutoff,sexcheck_eqn,total_counts,x_counts,x_genes,y_counts,y_genes,y_x_count_ratio,y_x_gene_ratio
lib30397_CCGF9ANXX,0.0,UNPAIRED,47800112.0,597722.0,0.0,596723.0,5244917.0,29221836.0,Unknown Library,55.37061,0.859299,0.54691,0.621212,0.442407,0.0,0.0,0.393691,0.500418,0.043198,0.240677,0.714542,1.0,1.0,0.0,0.001601,0.711122,0.320851,0.529552,121415371.0,121415371.0,121999227.0,111767843.0,109239977.0,2026369.0,0.002369,0.0,0.000174,0.002554,0.0,2203321.0,2203321.0,0.0,0.0,0.0,0.0,194420.0,0.500388,2203321.0,0.0,4683448.0,2480127.0,38956282.0,30.5,63.1,5433882,123476,5058823.0,543753,0,3190271.0,973462.0,0,0.925797957350949,51.0,pass,pass,Sanger / Illumina 1.9,Conventional base calls,FASTQC_OUT,fail,warn,pass,fail,pass,pass,pass,pass,warn,50-57,warn,0.0,50.30265993799463,4750640.0,male,NA,0.5,(y_counts^2 / total_counts) > cutoff,1359140,42395,547,1235,24,0.0291307937256752,0.043875685557586835
lib30398_CCGF9ANXX,0.0,UNPAIRED,55596055.0,718952.0,0.0,710358.0,6000857.0,35844637.0,Unknown Library,55.405933,0.901985,0.543319,0.59877,0.419735,0.0,0.0,0.383549,0.503006,0.041399,0.247287,0.709933,1.0,1.0,0.0,0.001395,0.706977,0.326383,0.53359,144951502.0,144951502.0,145557481.0,134302390.0,131320847.0,2432079.0,0.002182,0.0,0.000174,0.002344,0.0,2627110.0,2627110.0,0.0,0.0,0.0,0.0,202160.0,0.499936,2627110.0,0.0,5632625.0,3005515.0,47309771.0,26.1,59.5,5093628,131323,6006860.0,667305,0,3576470.0,933966.0,0,0.9376987311174224,48.0,pass,pass,Sanger / Illumina 1.9,Conventional base calls,FASTQC_OUT,fail,pass,pass,fail,pass,fail,pass,pass,fail,50-57,warn,0.0,49.13620733179821,5707915.0,male,NA,0.5,(y_counts^2 / total_counts) > cutoff,1633451,52521,537,1739,24,0.03311056529769045,0.0446927374301676
lib30399_CCGF9ANXX,0.0,UNPAIRED,55551602.0,725221.0,0.0,714486.0,5947911.0,34744303.0,Unknown Library,55.400918,0.864174,0.531464,0.607739,0.412647,0.0,0.0,0.382689,0.503728,0.040974,0.239349,0.718319,1.0,1.0,0.0,0.001372,0.715227,0.33563,0.50856,145161403.0,145161403.0,145788846.0,134398053.0,131472739.0,2434283.0,0.002227,0.0,0.000174,0.002408,0.0,2631524.0,2631524.0,0.0,0.0,0.0,0.0,199171.0,0.499868,2631524.0,0.0,5354719.0,2723195.0,48720523.0,25.8,61.6,4947582,140727,5749216.0,648425,0,3542996.0,913690.0,0,0.9313824702359418,49.0,pass,pass,Sanger / Illumina 1.9,Conventional base calls,FASTQC_OUT,fail,pass,pass,fail,pass,warn,pass,pass,warn,50-57,warn,0.0,51.9676147570171,5427293.0,female,NA,0.5,(y_counts^2 / total_counts) > cutoff,1645131,51664,560,5,2,9.677918860328275e-05,0.0035714285714285713
lib30400_CCGF9ANXX,0.0,UNPAIRED,53875371.0,710885.0,0.0,696392.0,6094258.0,34489195.0,Unknown Library,55.393851,0.87511,0.559032,0.62278,0.417585,0.0,0.0,0.377587,0.505149,0.042712,0.241718,0.71423,1.0,1.0,0.0,0.001355,0.711116,0.336643,0.503918,142683486.0,142683486.0,143308325.0,131858207.0,128885185.0,2388587.0,0.002251,0.0,0.000174,0.002427,0.0,2587080.0,2587080.0,0.0,0.0,0.0,0.0,193375.0,0.499767,2587080.0,0.0,5215025.0,2627945.0,48033403.0,26.6,63.0,5073271,138411,5608249.0,643658,0,3535932.0,941941.0,0,0.9298847108963957,49.0,pass,pass,Sanger / Illumina 1.9,Conventional base calls,FASTQC_OUT,fail,pass,pass,fail,pass,warn,pass,pass,warn,50-57,warn,0.0,52.623392362901754,5287207.0,female,NA,0.5,(y_counts^2 / total_counts) > cutoff,1606518,52457,565,6,3,0.00011437939645805136,0.005309734513274336
lib30401_CCGF9ANXX,0.0,UNPAIRED,75390075.0,916382.0,0.0,907674.0,5362456.0,24265001.0,Unknown Library,55.414483,0.847639,0.580516,0.646783,0.387276,0.0,0.0,0.467339,0.502387,0.033242,0.150417,0.815167,1.0,1.0,0.0,0.001186,0.812069,0.347828,0.524377,161317711.0,161317711.0,161933143.0,149602737.0,146267500.0,2708075.0,0.002105,0.0,0.000163,0.002256,0.0,2922217.0,2922217.0,0.0,0.0,0.0,0.0,191272.0,0.500312,2922217.0,0.0,6143974.0,3221757.0,56110861.0,24.3,60.5,5010019,171645,6486221.0,454884,0,3921297.0,952637.0,0,0.9472347611960801,49.0,pass,pass,Sanger / Illumina 1.9,Conventional base calls,FASTQC_OUT,fail,pass,pass,fail,pass,warn,pass,pass,warn,50-57,warn,0.0,50.3260408021874,6213567.0,male,NA,0.5,(y_counts^2 / total_counts) > cutoff,2081546,68453,568,1957,23,0.028588958847676506,0.040492957746478875
lib30402_CCGF9ANXX,0.0,UNPAIRED,81485900.0,962273.0,0.0,950177.0,5272072.0,27281671.0,Unknown Library,55.401936,0.841337,0.587319,0.678754,0.37212,0.0,0.0,0.481342,0.503162,0.031142,0.161155,0.806602,1.0,1.0,0.0,0.001111,0.803829,0.32526,0.480464,169288910.0,169288910.0,169872806.0,157769974.0,154021098.0,2855791.0,0.002125,0.0,0.000141,0.002272,0.0,3066189.0,3066189.0,0.0,0.0,0.0,0.0,188077.0,0.500152,3066189.0,0.0,5901781.0,2835592.0,55062835.0,19.1,61.5,3649297,170248,6185048.0,507101,0,3804936.0,728545.0,0,0.9542013255192199,50.0,pass,pass,Sanger / Illumina 1.9,Conventional base calls,FASTQC_OUT,fail,pass,pass,fail,pass,pass,pass,pass,warn,50-57,warn,0.0,54.55899381404223,5966317.0,male,NA,0.5,(y_counts^2 / total_counts) > cutoff,2178442,71454,581,1692,30,0.023679570073053994,0.05163511187607573
lib30403_CCGF9ANXX,0.0,UNPAIRED,50098383.0,615507.0,0.0,605366.0,4147606.0,18829687.0,Unknown Library,55.368367,0.864182,0.569908,0.630633,0.41756,0.0,0.0,0.450151,0.504153,0.037268,0.169191,0.791796,1.0,1.0,0.0,0.001767,0.788318,0.341644,0.487746,111292379.0,111292379.0,111783306.0,102166634.0,99779759.0,1851622.0,0.00232,0.0,0.000159,0.002532,0.0,2018902.0,2018902.0,0.0,0.0,0.0,0.0,196647.0,0.500216,2018902.0,0.0,3941214.0,1922312.0,38022425.0,26.2,64.0,3790388,119818,4261724.0,351453,0,2728963.0,714084.0,0,0.9247933465423852,50.0,pass,pass,Sanger / Illumina 1.9,Conventional base calls,FASTQC_OUT,fail,pass,pass,fail,pass,pass,pass,pass,warn,50-57,warn,0.0,54.66141942795802,3996631.0,male,NA,0.5,(y_counts^2 / total_counts) > cutoff,1380351,43854,543,1262,19,0.0287773065170794,0.034990791896869246
lib30404_CCGF9ANXX,0.0,UNPAIRED,51782118.0,600690.0,0.0,601710.0,4497185.0,23438408.0,Unknown Library,55.360304,0.812365,0.593181,0.684182,0.418156,0.0,0.0,0.449531,0.499576,0.039041,0.203473,0.755879,1.0,1.0,0.0,0.001623,0.752502,0.306348,0.506142,115191462.0,115191462.0,115708460.0,105953515.0,103473952.0,1920806.0,0.002342,0.0,0.000153,0.002543,0.0,2090098.0,2090098.0,0.0,0.0,0.0,0.0,187009.0,0.50022,2090098.0,0.0,4232185.0,2142087.0,35288699.0,27.2,62.9,4221569,121736,4550038.0,434553,0,2862697.0,778089.0,0,0.9301427812251238,52.0,pass,pass,Sanger / Illumina 1.9,Conventional base calls,FASTQC_OUT,warn,warn,pass,fail,pass,pass,pass,pass,warn,50-57,warn,0.0,52.6806797692265,4292284.0,male,NA,0.5,(y_counts^2 / total_counts) > cutoff,1364517,41571,525,1105,23,0.026581030044983283,0.04380952380952381
lib30405_CCGF9ANXX,0.0,UNPAIRED,59570668.0,750973.0,0.0,745848.0,4524764.0,19281290.0,Unknown Library,55.399873,0.871484,0.557306,0.633156,0.422812,0.0,0.0,0.450983,0.501712,0.034255,0.14597,0.818368,1.0,1.0,0.0,0.001421,0.814916,0.367385,0.555652,132090675.0,132090675.0,132650287.0,121786682.0,119072572.0,2205890.0,0.002157,0.0,0.000167,0.002317,0.0,2394415.0,2394415.0,0.0,0.0,0.0,0.0,187643.0,0.500442,2394415.0,0.0,5388604.0,2994189.0,48528127.0,29.6,60.3,5646564,145565,5739055.0,360773,0,3461060.0,1026034.0,0,0.9389357655572216,49.0,pass,pass,Sanger / Illumina 1.9,Conventional base calls,FASTQC_OUT,fail,pass,pass,fail,pass,warn,pass,pass,fail,50-57,warn,0.0,47.31315267417045,5455682.0,male,NA,0.5,(y_counts^2 / total_counts) > cutoff,1699552,54990,537,1632,27,0.029678123295144573,0.05027932960893855
lib30406_CCGF9ANXX,0.0,UNPAIRED,49509892.0,625681.0,0.0,609482.0,4409130.0,25594145.0,Unknown Library,55.249525,0.879231,0.536891,0.607619,0.422072,0.0,0.0,0.417048,0.506557,0.03714,0.215593,0.745621,1.0,1.0,0.0,0.001662,0.742781,0.328573,0.436136,118715064.0,118715064.0,119168971.0,109632430.0,105929791.0,1990214.0,0.002415,0.0,0.000148,0.002608,0.0,2156923.0,2156923.0,0.0,0.0,0.0,0.0,197290.0,0.500643,2156923.0,0.0,3825252.0,1668329.0,39006533.0,21.1,66.1,2915946,115845,4069525.0,475350,0,2691606.0,566675.0,0,0.9399750585142,49.0,pass,pass,Sanger / Illumina 1.9,Conventional base calls,FASTQC_OUT,fail,pass,pass,fail,pass,warn,pass,pass,warn,50-57,warn,0.0,58.504151988439766,3876002.0,male,NA,0.5,(y_counts^2 / total_counts) > cutoff,1399019,44625,549,1290,27,0.028907563025210085,0.04918032786885246
lib30407_CCGF9ANXX,0.0,UNPAIRED,59658144.0,757677.0,0.0,752385.0,6263766.0,38417028.0,Unknown Library,55.420667,0.876569,0.552868,0.610238,0.411977,0.0,0.0,0.388128,0.501752,0.040751,0.249936,0.708052,1.0,1.0,0.0,0.001274,0.705344,0.319924,0.482391,153707504.0,153707504.0,154297732.0,142825405.0,139638470.0,2585169.0,0.002143,0.0,0.00016,0.002292,0.0,2784119.0,2784119.0,0.0,0.0,0.0,0.0,195885.0,0.500272,2784119.0,0.0,5378806.0,2594687.0,49174763.0,22.6,62.7,4298287,141994,5717003.0,715232,0,3586019.0,812005.0,0,0.9408436553208036,49.0,pass,pass,Sanger / Illumina 1.9,Conventional base calls,FASTQC_OUT,fail,pass,pass,fail,pass,pass,pass,pass,warn,50-57,warn,0.0,54.14686961848862,5446026.0,male,NA,0.5,(y_counts^2 / total_counts) > cutoff,1727943,55703,585,1647,29,0.029567527781268515,0.04957264957264957
lib30408_CCGF9ANXX,0.0,UNPAIRED,2138252.0,25811.0,0.0,26439.0,236964.0,499878.0,Unknown Library,55.339884,0.980046,0.400897,0.452096,0.889805,0.0,0.0,0.464225,0.49399,0.051446,0.108526,0.828323,1.0,1.0,0.0,0.011763,0.824661,0.364098,0.240996,4606068.0,4606068.0,4626525.0,3899078.0,3788964.0,70702.0,0.002541,0.0,0.000157,0.002734,0.0,83602.0,83602.0,0.0,0.0,0.0,0.0,54179.0,0.50238,83602.0,0.0,110147.0,26545.0,1677061.0,23.9,79.2,114987,5226,120366.0,8236,0,95344.0,22818.0,0,0.9151006098067561,49.0,pass,pass,Sanger / Illumina 1.9,Conventional base calls,FASTQC_OUT,warn,pass,pass,fail,pass,warn,pass,pass,pass,50-57,warn,0.0,77.08758731864589,111660.0,female,NA,0.5,(y_counts^2 / total_counts) > cutoff,57240,1921,292,0,0,0.0,0.0
lib30409_CCGF9ANXX,0.0,UNPAIRED,54985174.0,702598.0,0.0,689721.0,6372584.0,39648388.0,Unknown Library,55.420293,0.876058,0.544266,0.6132,0.421372,0.0,0.0,0.375001,0.504624,0.043461,0.270404,0.68479,1.0,1.0,0.0,0.001359,0.682034,0.309788,0.471959,146626548.0,146626548.0,147218964.0,135836228.0,132818824.0,2458988.0,0.0023,0.0,0.000163,0.002527,0.0,2656409.0,2656409.0,0.0,0.0,0.0,0.0,199223.0,0.500442,2656409.0,0.0,5030683.0,2374274.0,45423202.0,20.9,62.4,3602156,131668,5365587.0,741558,0,3349905.0,699886.0,0,0.9375829708846395,49.0,pass,pass,Sanger / Illumina 1.9,Conventional base calls,FASTQC_OUT,fail,pass,pass,fail,pass,warn,pass,pass,warn,50-57,warn,0.0,55.87685417588288,5103099.0,female,NA,0.5,(y_counts^2 / total_counts) > cutoff,1585762,50141,564,6,5,0.00011966255160447537,0.008865248226950355
lib30410_CCGF9ANXX,0.0,UNPAIRED,64519124.0,783545.0,0.0,774075.0,5269726.0,29741174.0,Unknown Library,55.386487,0.854842,0.564236,0.648011,0.397508,0.0,0.0,0.438204,0.50304,0.035791,0.201997,0.760883,1.0,1.0,0.0,0.001341,0.758088,0.322679,0.474067,147235523.0,147235523.0,147778347.0,136613773.0,133310067.0,2473887.0,0.002182,0.0,0.000147,0.002339,0.0,2668130.0,2668130.0,0.0,0.0,0.0,0.0,197444.0,0.500525,2668130.0,0.0,5073137.0,2405007.0,47509826.0,22.1,63.1,3942116,147179,5410674.0,552088,0,3416768.0,753654.0,0,0.9376164596129798,50.0,pass,pass,Sanger / Illumina 1.9,Conventional base calls,FASTQC_OUT,fail,pass,pass,fail,pass,warn,pass,pass,warn,50-57,warn,0.0,55.44014260847896,5174863.0,female,NA,0.5,(y_counts^2 / total_counts) > cutoff,1774620,58053,574,2,2,3.4451277281105194e-05,0.003484320557491289
lib30411_CCGF9ANXX,0.0,UNPAIRED,42791259.0,522131.0,0.0,516886.0,3696970.0,21571862.0,Unknown Library,55.133919,0.86923,0.530804,0.610429,0.443344,0.0,0.0,0.428341,0.502524,0.037007,0.215935,0.745193,1.0,1.0,0.0,0.00188,0.742611,0.316852,0.386061,99899996.0,99899996.0,100247304.0,92105321.0,88038953.0,1675118.0,0.00249,0.0,0.000135,0.002636,0.0,1818251.0,1818251.0,0.0,0.0,0.0,0.0,187803.0,0.500379,1818251.0,0.0,2961614.0,1143363.0,31653539.0,19.4,70.0,2148074,94804,3137639.0,399451,0,2197293.0,426038.0,0,0.9438988997778266,49.0,pass,pass,Sanger / Illumina 1.9,Conventional base calls,FASTQC_OUT,fail,pass,pass,fail,pass,pass,pass,pass,warn,50-57,warn,0.0,63.154637559491064,2997451.0,female,NA,0.5,(y_counts^2 / total_counts) > cutoff,1180863,39003,534,4,4,0.00010255621362459298,0.00749063670411985
lib30412_CCGF9ANXX,0.0,UNPAIRED,44455467.0,543533.0,0.0,537108.0,4020289.0,22954584.0,Unknown Library,55.277926,0.868518,0.558176,0.639144,0.432194,0.0,0.0,0.4233,0.502973,0.038281,0.218571,0.741481,1.0,1.0,0.0,0.001681,0.73853,0.318181,0.409746,105021194.0,105021194.0,105440930.0,96712777.0,93784199.0,1755144.0,0.002447,0.0,0.000148,0.00263,0.0,1907469.0,1907469.0,0.0,0.0,0.0,0.0,176539.0,0.500713,1907469.0,0.0,3231608.0,1324139.0,33415775.0,21.1,68.1,2570053,106000,3474696.0,425382,0,2364910.0,498968.0,0,0.9300404985069197,50.0,pass,pass,Sanger / Illumina 1.9,Conventional base calls,FASTQC_OUT,fail,pass,pass,fail,pass,pass,pass,pass,warn,50-57,warn,0.0,61.6467165805951,3276113.0,female,NA,0.5,(y_counts^2 / total_counts) > cutoff,1223762,39681,549,9,5,0.00022680880018144704,0.009107468123861567
lib30413_CCGF9ANXX,0.0,UNPAIRED,50344923.0,611186.0,0.0,603432.0,3656358.0,13065933.0,Unknown Library,55.381268,0.832779,0.585596,0.666248,0.409341,0.0,0.0,0.481513,0.503192,0.03497,0.124966,0.838313,1.0,1.0,0.0,0.001767,0.834489,0.356801,0.532629,104555773.0,104555773.0,105034949.0,95788174.0,93661491.0,1735805.0,0.002224,0.0,0.000156,0.002406,0.0,1896579.0,1896579.0,0.0,0.0,0.0,0.0,184782.0,0.500383,1896579.0,0.0,4057971.0,2161392.0,37305586.0,31.1,63.3,4757142,122824,4375014.0,244516,0,2770561.0,862677.0,0,0.9275332604649951,51.0,pass,pass,Sanger / Illumina 1.9,Conventional base calls,FASTQC_OUT,fail,warn,pass,fail,pass,pass,pass,pass,fail,50-57,warn,0.0,49.990909084611374,4111216.0,male,NA,0.5,(y_counts^2 / total_counts) > cutoff,1368465,43434,529,1200,22,0.02762812543168946,0.04158790170132325
lib30414_CCGF9ANXX,0.0,UNPAIRED,45771656.0,572123.0,0.0,562990.0,4361307.0,24057285.0,Unknown Library,55.215092,0.884045,0.537998,0.594194,0.429889,0.0,0.0,0.413819,0.504023,0.03943,0.217501,0.741478,1.0,1.0,0.0,0.001603,0.73833,0.327659,0.46284,110607837.0,110607837.0,111079569.0,101768278.0,98263354.0,1849264.0,0.002559,0.0,0.000149,0.002771,0.0,2011761.0,2011761.0,0.0,0.0,0.0,0.0,177308.0,0.500251,2011761.0,0.0,3745183.0,1733422.0,36241674.0,24.1,65.0,3359490,110038,4017038.0,447685,0,2611472.0,630662.0,0,0.9323245137337511,50.0,pass,pass,Sanger / Illumina 1.9,Conventional base calls,FASTQC_OUT,fail,pass,pass,fail,pass,pass,pass,pass,warn,50-57,warn,0.0,56.410622402774294,3798425.0,female,NA,0.5,(y_counts^2 / total_counts) > cutoff,1291541,41174,542,6,4,0.00014572302909603147,0.007380073800738007
lib30415_CCGF9ANXX,0.0,UNPAIRED,37918758.0,498561.0,0.0,490336.0,5062667.0,32363345.0,Unknown Library,55.386294,0.885879,0.531665,0.569822,0.45022,0.0,0.0,0.347298,0.504159,0.046369,0.296416,0.655505,1.0,1.0,0.0,0.00173,0.652381,0.308207,0.450391,109182271.0,109182271.0,109705127.0,100511070.0,98211214.0,1821563.0,0.002435,0.0,0.000166,0.002647,0.0,1980727.0,1980727.0,0.0,0.0,0.0,0.0,188908.0,0.500334,1980727.0,0.0,3603882.0,1623155.0,33650773.0,25.7,66.3,3699245,98232,3943720.0,598312,0,2613103.0,671619.0,0,0.9138280608156766,50.0,pass,pass,Sanger / Illumina 1.9,Conventional base calls,FASTQC_OUT,fail,warn,pass,fail,pass,pass,pass,pass,warn,50-57,warn,0.0,57.71951218560911,3660473.0,male,NA,0.5,(y_counts^2 / total_counts) > cutoff,1125019,35327,557,1125,26,0.031845330766835565,0.0466786355475763
lib30416_CCGF9ANXX,0.0,UNPAIRED,32001782.0,413878.0,0.0,408695.0,3504082.0,17947655.0,Unknown Library,55.147572,0.893554,0.502031,0.550951,0.479662,0.0,0.0,0.394933,0.50315,0.043244,0.221492,0.733066,1.0,1.0,0.0,0.002219,0.729472,0.338133,0.452855,81030838.0,81030838.0,81430022.0,73619328.0,70767170.0,1339929.0,0.002704,0.0,0.000163,0.002946,0.0,1476584.0,1476584.0,0.0,0.0,0.0,0.0,179810.0,0.500664,1476584.0,0.0,2698707.0,1222123.0,27399170.0,30.8,69.5,3518576,83451,2965578.0,332595,0,2061189.0,634047.0,0,0.9100104600182494,51.0,pass,pass,Sanger / Illumina 1.9,Conventional base calls,FASTQC_OUT,fail,warn,pass,fail,pass,pass,pass,pass,warn,50-57,warn,0.0,57.659785246783734,2745412.0,female,NA,0.5,(y_counts^2 / total_counts) > cutoff,923883,29560,513,8,6,0.00027063599458728013,0.011695906432748537
lib30417_CCGF9ANXX,0.0,UNPAIRED,52369629.0,659229.0,0.0,649619.0,4593624.0,22474331.0,Unknown Library,55.390129,0.869635,0.558201,0.636608,0.407682,0.0,0.0,0.429504,0.503671,0.037674,0.184321,0.776485,1.0,1.0,0.0,0.001536,0.772978,0.346981,0.511837,121930439.0,121930439.0,122483639.0,112484179.0,110001950.0,2038079.0,0.002261,0.0,0.000162,0.002434,0.0,2211290.0,2211290.0,0.0,0.0,0.0,0.0,187285.0,0.500384,2211290.0,0.0,4529821.0,2318531.0,42307552.0,28.0,63.0,4714348,131950,4888991.0,418040,0,3078820.0,862049.0,0,0.9265349435087935,51.0,pass,pass,Sanger / Illumina 1.9,Conventional base calls,FASTQC_OUT,fail,pass,pass,fail,pass,pass,pass,pass,warn,50-57,warn,0.0,51.86321198319289,4590750.0,male,NA,0.5,(y_counts^2 / total_counts) > cutoff,1488089,46784,552,1315,19,0.028107900136798907,0.034420289855072464
lib30418_CCGF9ANXX,0.0,UNPAIRED,46098130.0,567716.0,0.0,564610.0,4069634.0,21418664.0,Unknown Library,55.275452,0.858097,0.539315,0.6035,0.428877,0.0,0.0,0.428959,0.501372,0.037869,0.199308,0.761182,1.0,1.0,0.0,0.001656,0.757715,0.332223,0.481768,107465187.0,107465187.0,107956883.0,98945082.0,96079980.0,1796472.0,0.002356,0.0,0.000147,0.002519,0.0,1953071.0,1953071.0,0.0,0.0,0.0,0.0,177967.0,0.500617,1953071.0,0.0,3768723.0,1815652.0,35702411.0,27.3,65.1,3969989,116314,4079346.0,397911,0,2657553.0,724984.0,0,0.9238547061220107,51.0,pass,pass,Sanger / Illumina 1.9,Conventional base calls,FASTQC_OUT,fail,warn,pass,fail,pass,pass,pass,pass,warn,50-57,warn,0.0,54.409216128025925,3822019.0,male,NA,0.5,(y_counts^2 / total_counts) > cutoff,1282247,40806,535,1097,19,0.026883301475273243,0.03551401869158879
lib30419_CCGF9ANXX,0.0,UNPAIRED,36790954.0,468216.0,0.0,460309.0,3834067.0,19732685.0,Unknown Library,55.142734,0.887075,0.533689,0.589124,0.458443,0.0,0.0,0.404662,0.504258,0.042171,0.217039,0.73882,1.0,1.0,0.0,0.00199,0.735486,0.334158,0.422327,90917709.0,90917709.0,91329933.0,83106705.0,79803137.0,1512331.0,0.002646,0.0,0.000149,0.002838,0.0,1656246.0,1656246.0,0.0,0.0,0.0,0.0,180943.0,0.500306,1656246.0,0.0,2867101.0,1210855.0,30380908.0,25.6,68.7,2931926,93895,3138324.0,367846,0,2157331.0,551427.0,0,0.9135771195071,50.0,pass,pass,Sanger / Illumina 1.9,Conventional base calls,FASTQC_OUT,fail,pass,pass,fail,pass,pass,pass,pass,warn,50-57,warn,0.0,60.26898067719587,2913144.0,female,NA,0.5,(y_counts^2 / total_counts) > cutoff,1050590,33091,520,6,5,0.00018131818319180442,0.009615384615384616
lib30420_CCGF9ANXX,0.0,UNPAIRED,45204929.0,567568.0,0.0,559578.0,5023805.0,29165881.0,Unknown Library,55.362905,0.866441,0.566127,0.655104,0.423852,0.0,0.0,0.390905,0.503544,0.043443,0.252209,0.702707,1.0,1.0,0.0,0.001659,0.699234,0.311802,0.467983,115641756.0,115641756.0,116216261.0,106498906.0,104032940.0,1931111.0,0.002406,0.0,0.000153,0.002621,0.0,2099172.0,2099172.0,0.0,0.0,0.0,0.0,191885.0,0.500178,2099172.0,0.0,3945688.0,1846516.0,36057377.0,26.2,64.1,3964444,111722,4360248.0,539702,0,2793078.0,730608.0,0,0.9049228392513453,51.0,pass,pass,Sanger / Illumina 1.9,Conventional base calls,FASTQC_OUT,fail,warn,pass,fail,pass,pass,pass,pass,warn,50-57,warn,0.0,56.38704763524124,4010063.0,female,NA,0.5,(y_counts^2 / total_counts) > cutoff,1279687,40743,545,2,2,4.908818692781582e-05,0.003669724770642202
lib30421_CCGF9ANXX,0.0,UNPAIRED,50697686.0,669982.0,0.0,661880.0,6463101.0,39298693.0,Unknown Library,54.956747,0.87649,0.525018,0.59086,0.415369,0.0,0.0,0.359682,0.503042,0.045853,0.278811,0.673861,1.0,1.0,0.0,0.001494,0.670561,0.314178,0.539947,140951221.0,140951221.0,141644804.0,130184978.0,127129212.0,2377961.0,0.002427,0.0,0.000165,0.002658,0.0,2577387.0,2577387.0,0.0,0.0,0.0,0.0,210541.0,0.500241,2577387.0,0.0,5602369.0,3024982.0,44283807.0,31.5,61.6,6767889,125784,6095780.0,736757,0,3756864.0,1182601.0,0,0.9190569541551696,51.0,pass,pass,Sanger / Illumina 1.9,Conventional base calls,FASTQC_OUT,fail,warn,pass,fail,pass,pass,pass,pass,fail,50-57,warn,0.0,49.375475175659005,5689405.0,female,NA,0.5,(y_counts^2 / total_counts) > cutoff,1515420,47969,545,4,3,8.338718755863161e-05,0.005504587155963303
lib30422_CCGF9ANXX,0.0,UNPAIRED,62292543.0,767509.0,0.0,752156.0,4120938.0,14851434.0,Unknown Library,55.3469,0.871104,0.571675,0.636269,0.397129,0.0,0.0,0.481915,0.505051,0.031881,0.114895,0.851788,1.0,1.0,0.0,0.001451,0.847882,0.369872,0.567336,129260363.0,129260363.0,129855727.0,118861881.0,116063941.0,2155417.0,0.002331,0.0,0.000154,0.002564,0.0,2346215.0,2346215.0,0.0,0.0,0.0,0.0,187500.0,0.499819,2346215.0,0.0,5422722.0,3076507.0,47809853.0,29.7,58.7,5547902,157893,5823205.0,278176,0,3420870.0,1017465.0,0,0.9312263607412069,51.0,pass,pass,Sanger / Illumina 1.9,Conventional base calls,FASTQC_OUT,fail,warn,pass,fail,pass,pass,pass,pass,fail,50-57,warn,0.0,46.75851759676096,5495927.0,female,NA,0.5,(y_counts^2 / total_counts) > cutoff,1719348,55089,535,8,6,0.0001452195538129209,0.011214953271028037
lib30423_CCGF9ANXX,0.0,UNPAIRED,38965043.0,532118.0,0.0,519852.0,5943540.0,35197495.0,Unknown Library,55.370923,0.917001,0.524314,0.552336,0.453163,0.0,0.0,0.330954,0.50583,0.050482,0.298954,0.648988,1.0,1.0,0.0,0.001594,0.64571,0.318034,0.493565,117735635.0,117735635.0,118333311.0,108121726.0,105621733.0,1960337.0,0.002413,0.0,0.000173,0.002619,0.0,2137102.0,2137102.0,0.0,0.0,0.0,0.0,187712.0,0.50074,2137102.0,0.0,4219893.0,2082791.0,37443938.0,32.4,66.7,5685658,105754,4645304.0,653762,0,3098533.0,1002949.0,0,0.908421278779602,50.0,pass,pass,Sanger / Illumina 1.9,Conventional base calls,FASTQC_OUT,fail,warn,pass,fail,pass,pass,pass,pass,warn,50-57,warn,0.0,53.74798936678778,4291379.0,female,NA,0.5,(y_counts^2 / total_counts) > cutoff,1200821,38335,556,4,2,0.00010434328942219903,0.0035971223021582736
lib30424_CCGF9ANXX,0.0,UNPAIRED,41514273.0,560912.0,0.0,547479.0,5537535.0,29181201.0,Unknown Library,55.353609,0.916333,0.506442,0.544128,0.451244,0.0,0.0,0.360246,0.50606,0.048053,0.253224,0.697105,1.0,1.0,0.0,0.001638,0.693359,0.33686,0.550622,115238802.0,115238802.0,115861470.0,105675629.0,103225294.0,1916997.0,0.002426,0.0,0.000173,0.002644,0.0,2093115.0,2093115.0,0.0,0.0,0.0,0.0,188723.0,0.50015,2093115.0,0.0,4657802.0,2564687.0,38819308.0,37.4,64.5,7181197,111284,5147963.0,545129,0,3319187.0,1241114.0,0,0.9047854462046444,51.0,pass,pass,Sanger / Illumina 1.9,Conventional base calls,FASTQC_OUT,fail,warn,pass,fail,pass,pass,pass,pass,fail,50-57,warn,0.0,48.674824774022,4734495.0,female,NA,0.5,(y_counts^2 / total_counts) > cutoff,1260584,39787,527,4,4,0.0001005353507427049,0.007590132827324478
lib30425_CCGF9ANXX,0.0,UNPAIRED,50038834.0,644407.0,0.0,628562.0,4863084.0,25707648.0,Unknown Library,55.375254,0.892834,0.554046,0.61339,0.415774,0.0,0.0,0.407738,0.506224,0.039626,0.209477,0.749423,1.0,1.0,0.0,0.00149,0.745962,0.341685,0.496363,122723047.0,122723047.0,123292450.0,113078938.0,110454615.0,2049477.0,0.002297,0.0,0.000159,0.002493,0.0,2226490.0,2226490.0,0.0,0.0,0.0,0.0,182881.0,0.500121,2226490.0,0.0,4420827.0,2194337.0,41932592.0,27.6,63.7,4573779,126796,4805211.0,477440,0,3059383.0,843578.0,0,0.9200068425715333,50.0,pass,pass,Sanger / Illumina 1.9,Conventional base calls,FASTQC_OUT,fail,warn,pass,fail,pass,pass,pass,pass,warn,50-57,warn,0.0,53.32114916433288,4484778.0,male,NA,0.5,(y_counts^2 / total_counts) > cutoff,1445241,44423,545,1338,20,0.030119532674515455,0.03669724770642202
lib30426_CCGF9ANXX,0.0,UNPAIRED,68293634.0,820277.0,0.0,808196.0,4722209.0,23691506.0,Unknown Library,54.935349,0.855499,0.568743,0.650413,0.389637,0.0,0.0,0.473205,0.503709,0.03272,0.164158,0.801776,1.0,1.0,0.0,0.00136,0.798737,0.328571,0.476355,144321366.0,144321366.0,144870504.0,133937943.0,130357812.0,2445512.0,0.002176,0.0,0.000135,0.002335,0.0,2637109.0,2637109.0,0.0,0.0,0.0,0.0,196281.0,0.500528,2637109.0,0.0,5036059.0,2398950.0,47419763.0,21.4,62.5,3709269,151504,5361428.0,444439,0,3348538.0,714932.0,0,0.9393129964628827,51.0,pass,pass,Sanger / Illumina 1.9,Conventional base calls,FASTQC_OUT,fail,pass,pass,fail,pass,pass,pass,pass,warn,50-57,warn,0.0,54.8613998074925,5093857.0,male,NA,0.5,(y_counts^2 / total_counts) > cutoff,1849569,59750,558,1287,21,0.021539748953974897,0.03763440860215054
lib30427_CCGF9ANXX,0.0,UNPAIRED,57026119.0,700230.0,0.0,685307.0,4524021.0,23837600.0,Unknown Library,55.320734,0.869482,0.563525,0.605745,0.406714,0.0,0.0,0.4446,0.505385,0.035271,0.185848,0.777416,1.0,1.0,0.0,0.00148,0.774268,0.332816,0.453731,128263779.0,128263779.0,128785342.0,118490878.0,115282185.0,2148780.0,0.002291,0.0,0.000143,0.002475,0.0,2327976.0,2327976.0,0.0,0.0,0.0,0.0,189851.0,0.500531,2327976.0,0.0,4261591.0,1933615.0,42688245.0,22.5,65.1,3454245,134587,4577247.0,441694,0,2977853.0,669330.0,0,0.9310380235106386,50.0,pass,pass,Sanger / Illumina 1.9,Conventional base calls,FASTQC_OUT,fail,pass,pass,fail,pass,pass,pass,pass,warn,50-57,warn,0.0,57.009861918629454,4317828.0,female,NA,0.5,(y_counts^2 / total_counts) > cutoff,1572499,51684,567,4,3,7.739339060444238e-05,0.005291005291005291
lib30428_CCGF9ANXX,0.0,UNPAIRED,52371406.0,655165.0,0.0,637599.0,4410909.0,22189772.0,Unknown Library,55.3515,0.865846,0.567346,0.626926,0.410528,0.0,0.0,0.435757,0.506794,0.036701,0.18463,0.777128,1.0,1.0,0.0,0.001558,0.77372,0.341372,0.487548,120184974.0,120184974.0,120714426.0,110719684.0,107958629.0,2007227.0,0.002283,0.0,0.000147,0.002455,0.0,2180870.0,2180870.0,0.0,0.0,0.0,0.0,187195.0,0.500024,2180870.0,0.0,4255753.0,2074883.0,41027759.0,25.3,63.1,3873513,129194,4620125.0,411458,0,2915944.0,737678.0,0,0.9211337355591028,51.0,pass,pass,Sanger / Illumina 1.9,Conventional base calls,FASTQC_OUT,fail,pass,pass,fail,pass,pass,pass,pass,warn,50-57,warn,0.0,53.93208234936285,4314357.0,female,NA,0.5,(y_counts^2 / total_counts) > cutoff,1466575,47311,541,4,3,8.454693411680158e-05,0.005545286506469501
lib30429_CCGF9ANXX,0.0,UNPAIRED,57047045.0,731000.0,0.0,720483.0,7381878.0,44621545.0,Unknown Library,54.993468,0.852433,0.542876,0.631538,0.404454,0.0,0.0,0.366415,0.503623,0.047414,0.286606,0.664684,1.0,1.0,0.0,0.00131,0.662063,0.298268,0.471086,155689651.0,155689651.0,156306009.0,144479115.0,141098860.0,2635476.0,0.002274,0.0,0.000157,0.002473,0.0,2842265.0,2842265.0,0.0,0.0,0.0,0.0,204008.0,0.500404,2842265.0,0.0,5373775.0,2531510.0,46437305.0,24.1,64.4,4846704,133927,5755368.0,842185,0,3704527.0,894131.0,0,0.9336978973368862,50.0,pass,pass,Sanger / Illumina 1.9,Conventional base calls,FASTQC_OUT,fail,pass,pass,fail,pass,pass,pass,pass,warn,50-57,warn,0.0,55.43825859855526,5449055.0,male,NA,0.5,(y_counts^2 / total_counts) > cutoff,1659364,52642,581,920,22,0.01747653964515026,0.0378657487091222
lib30430_CCGF9ANXX,0.0,UNPAIRED,73132547.0,877327.0,0.0,868935.0,6454042.0,30495505.0,Unknown Library,55.404425,0.841393,0.57837,0.668645,0.385051,0.0,0.0,0.450477,0.502403,0.039755,0.187844,0.771155,1.0,1.0,0.0,0.001257,0.768274,0.320677,0.52245,162344557.0,162344557.0,162953280.0,150528026.0,147074551.0,2725043.0,0.002199,0.0,0.000145,0.00241,0.0,2941160.0,2941160.0,0.0,0.0,0.0,0.0,204124.0,0.500267,2941160.0,0.0,6158854.0,3217694.0,52060235.0,26.3,61.8,5735577,163011,6506193.0,576572,0,4021081.0,1057094.0,0,0.9466140952166651,50.0,pass,pass,Sanger / Illumina 1.9,Conventional base calls,FASTQC_OUT,fail,pass,pass,fail,pass,pass,pass,pass,warn,50-57,warn,0.0,50.425293420710574,6232677.0,male,NA,0.5,(y_counts^2 / total_counts) > cutoff,1985460,63263,565,1100,22,0.0173877305850181,0.03893805309734513
lib30431_CCGF9ANXX,0.0,UNPAIRED,53374466.0,663479.0,0.0,655822.0,6960374.0,33687438.0,Unknown Library,55.398076,0.875745,0.56692,0.625783,0.404737,0.0,0.0,0.394395,0.502902,0.051432,0.248924,0.698136,1.0,1.0,0.0,0.001527,0.695134,0.303741,0.513693,135332483.0,135332483.0,135916908.0,125189638.0,122356830.0,2267374.0,0.002256,0.0,0.000162,0.002457,0.0,2453459.0,2453459.0,0.0,0.0,0.0,0.0,206696.0,0.500389,2453459.0,0.0,5045086.0,2591627.0,41106039.0,30.3,64.6,6074080,118513,5412220.0,645541,0,3496581.0,1057953.0,0,0.9321657286658709,50.0,pass,pass,Sanger / Illumina 1.9,Conventional base calls,FASTQC_OUT,fail,warn,pass,fail,pass,pass,pass,pass,warn,50-57,warn,0.0,51.9152232208347,5115073.0,male,NA,0.5,(y_counts^2 / total_counts) > cutoff,1503320,47934,539,951,18,0.01983977969708349,0.03339517625231911
lib30432_CCGF9ANXX,0.0,UNPAIRED,64776675.0,792575.0,0.0,782378.0,8488581.0,48241117.0,Unknown Library,55.418397,0.847961,0.565499,0.669565,0.390779,0.0,0.0,0.382505,0.503237,0.050125,0.284863,0.663815,1.0,1.0,0.0,0.001209,0.661397,0.28131,0.44197,169348711.0,169348711.0,169967780.0,158119822.0,154386311.0,2861655.0,0.002257,0.0,0.000151,0.002466,0.0,3066992.0,3066992.0,0.0,0.0,0.0,0.0,204767.0,0.50002,3066992.0,0.0,5496105.0,2429113.0,47639502.0,18.7,64.1,3613258,134545,5798124.0,919230,0,3718130.0,694508.0,0,0.9479109104944978,49.0,pass,pass,Sanger / Illumina 1.9,Conventional base calls,FASTQC_OUT,fail,pass,pass,fail,pass,pass,pass,pass,warn,50-57,warn,0.0,58.380032435085596,5566933.0,female,NA,0.5,(y_counts^2 / total_counts) > cutoff,1807880,56206,600,3,3,5.337508451055048e-05,0.005
lib30433_CCGF9ANXX,0.0,UNPAIRED,61857274.0,753380.0,0.0,741306.0,7032138.0,44081430.0,Unknown Library,55.421733,0.865983,0.559415,0.652142,0.39335,0.0,0.0,0.389515,0.504039,0.044281,0.277581,0.676863,1.0,1.0,0.0,0.001288,0.674377,0.287347,0.450953,158805686.0,158805686.0,159391131.0,148405659.0,144936609.0,2685804.0,0.002261,0.0,0.00015,0.002445,0.0,2875968.0,2875968.0,0.0,0.0,0.0,0.0,204490.0,0.500074,2875968.0,0.0,5238105.0,2362137.0,45632369.0,18.0,62.6,3226204,128264,5530802.0,826329,0,3463503.0,624029.0,0,0.9470787419256738,49.0,pass,pass,Sanger / Illumina 1.9,Conventional base calls,FASTQC_OUT,fail,pass,pass,fail,pass,pass,pass,pass,warn,50-57,warn,0.0,57.32161292355911,5302517.0,female,NA,0.5,(y_counts^2 / total_counts) > cutoff,1731211,52426,574,6,5,0.00011444703009956891,0.008710801393728223
lib30434_CCGF9ANXX,0.0,UNPAIRED,58215719.0,709114.0,0.0,699399.0,5552865.0,34221797.0,Unknown Library,55.258062,0.877041,0.559265,0.618597,0.411959,0.0,0.0,0.415592,0.503449,0.039641,0.244303,0.714634,1.0,1.0,0.0,0.001435,0.712173,0.299042,0.4049,140079106.0,140079106.0,140563192.0,130669552.0,126046779.0,2371308.0,0.002324,0.0,0.000137,0.002479,0.0,2543759.0,2543759.0,0.0,0.0,0.0,0.0,200945.0,0.499865,2543759.0,0.0,4274507.0,1730748.0,41889572.0,16.6,66.6,2498111,115070,4484301.0,639602,0,2988458.0,494842.0,0,0.9532158969703416,49.0,pass,pass,Sanger / Illumina 1.9,Conventional base calls,FASTQC_OUT,warn,pass,pass,fail,pass,pass,pass,pass,warn,50-57,warn,0.0,61.58153838889767,4321169.0,female,NA,0.5,(y_counts^2 / total_counts) > cutoff,1616636,51639,577,607,17,0.011754681539146768,0.029462738301559793
lib30435_CCGF9ANXX,0.0,UNPAIRED,64531115.0,789019.0,0.0,776887.0,7093723.0,37996950.0,Unknown Library,55.383391,0.860565,0.564314,0.663751,0.394613,0.0,0.0,0.411356,0.503874,0.045219,0.242213,0.711256,1.0,1.0,0.0,0.001325,0.70865,0.2999,0.468059,156874062.0,156874062.0,157450938.0,145990077.0,142297514.0,2643746.0,0.00225,0.0,0.000145,0.002467,0.0,2842927.0,2842927.0,0.0,0.0,0.0,0.0,207912.0,0.50037,2842927.0,0.0,5344445.0,2501518.0,47046534.0,20.3,63.2,3843925,135506,5648251.0,720277,0,3571713.0,723364.0,0,0.9462123761851235,49.0,pass,pass,Sanger / Illumina 1.9,Conventional base calls,FASTQC_OUT,fail,pass,pass,fail,pass,pass,pass,pass,warn,50-57,warn,0.0,55.891459777166766,5408335.0,male,NA,0.5,(y_counts^2 / total_counts) > cutoff,1787963,58818,584,1483,23,0.02521337005678534,0.039383561643835614
lib30436_CCGF9ANXX,0.0,UNPAIRED,54159715.0,667585.0,0.0,656430.0,8359911.0,40545170.0,Unknown Library,55.411276,0.844397,0.565721,0.66902,0.401117,0.0,0.0,0.377445,0.504213,0.058261,0.282564,0.657857,1.0,1.0,0.0,0.001331,0.655523,0.280411,0.397935,143490327.0,143490327.0,144001106.0,133972675.0,130616216.0,2424726.0,0.00233,0.0,0.000151,0.002592,0.0,2598769.0,2598769.0,0.0,0.0,0.0,0.0,190985.0,0.5002,2598769.0,0.0,4316429.0,1717660.0,40236334.0,14.5,65.3,2092698,108726,4563501.0,791642,0,2979292.0,433211.0,0,0.9458591112393752,49.0,pass,pass,Sanger / Illumina 1.9,Conventional base calls,FASTQC_OUT,fail,pass,pass,fail,pass,pass,pass,pass,warn,50-57,warn,0.0,62.53478607485248,4371342.0,male,NA,0.5,(y_counts^2 / total_counts) > cutoff,1524358,46765,584,1232,26,0.02634448839944403,0.04452054794520548
lib30437_CCGF9ANXX,0.0,UNPAIRED,52607053.0,669036.0,0.0,654653.0,6723462.0,39744707.0,Unknown Library,55.302014,0.866644,0.546672,0.626979,0.415719,0.0,0.0,0.37156,0.505433,0.047487,0.280714,0.670352,1.0,1.0,0.0,0.001463,0.667577,0.298792,0.454039,141584232.0,141584232.0,142172740.0,131102396.0,127303442.0,2378454.0,0.002403,0.0,0.000156,0.002602,0.0,2570842.0,2570842.0,0.0,0.0,0.0,0.0,207197.0,0.500148,2570842.0,0.0,4708839.0,2137997.0,42304185.0,23.7,65.6,4233719,122147,5056863.0,745614,0,3315064.0,785690.0,0,0.9311778863694745,50.0,pass,pass,Sanger / Illumina 1.9,Conventional base calls,FASTQC_OUT,fail,pass,pass,fail,pass,pass,pass,pass,warn,50-57,warn,0.0,57.27690183326448,4776140.0,male,NA,0.5,(y_counts^2 / total_counts) > cutoff,1510693,47382,572,937,22,0.019775442151027816,0.038461538461538464
lib30438_CCGF9ANXX,0.0,UNPAIRED,57167642.0,693737.0,0.0,681273.0,4932650.0,23333927.0,Unknown Library,55.318884,0.854496,0.547355,0.626998,0.406837,0.0,0.0,0.450034,0.504532,0.038831,0.183689,0.775937,1.0,1.0,0.0,0.001557,0.773004,0.325903,0.472534,127029632.0,127029632.0,127511576.0,117249207.0,113860549.0,2125856.0,0.002312,0.0,0.000142,0.002519,0.0,2305028.0,2305028.0,0.0,0.0,0.0,0.0,197833.0,0.500092,2305028.0,0.0,4370003.0,2064975.0,41399330.0,24.6,65.1,3959580,128057,4648247.0,438759,0,3023978.0,742740.0,0,0.940140014074123,50.0,pass,pass,Sanger / Illumina 1.9,Conventional base calls,FASTQC_OUT,fail,pass,pass,fail,pass,pass,pass,pass,warn,50-57,warn,0.0,55.34746518601591,4423454.0,female,NA,0.5,(y_counts^2 / total_counts) > cutoff,1559040,49969,538,821,20,0.016430186715763774,0.03717472118959108
lib30439_CCGF9ANXX,0.0,UNPAIRED,59603700.0,736472.0,0.0,727968.0,7655763.0,37760750.0,Unknown Library,55.421026,0.85125,0.551001,0.651353,0.39688,0.0,0.0,0.395996,0.502903,0.050863,0.250875,0.696893,1.0,1.0,0.0,0.001383,0.694077,0.300897,0.516791,150515928.0,150515928.0,151126544.0,139511054.0,136375555.0,2525408.0,0.002233,0.0,0.000158,0.002445,0.0,2726881.0,2726881.0,0.0,0.0,0.0,0.0,208222.0,0.500349,2726881.0,0.0,5643278.0,2916397.0,45289773.0,28.6,63.2,6135070,132474,6027271.0,722221,0,3810611.0,1089277.0,0,0.9362907358902561,50.0,pass,pass,Sanger / Illumina 1.9,Conventional base calls,FASTQC_OUT,fail,warn,pass,fail,pass,pass,pass,pass,warn,50-57,warn,0.0,51.460808634398326,5717967.0,male,NA,0.5,(y_counts^2 / total_counts) > cutoff,1670713,52462,567,1176,23,0.022416225077198735,0.04056437389770723
lib30440_CCGF9ANXX,0.0,UNPAIRED,58280619.0,718885.0,0.0,710720.0,7469141.0,40660781.0,Unknown Library,54.829126,0.851368,0.531426,0.632487,0.404463,0.0,0.0,0.390161,0.502856,0.050002,0.272205,0.676441,1.0,1.0,0.0,0.001365,0.674161,0.286279,0.409929,149375666.0,149375666.0,149880844.0,139071205.0,134050565.0,2543345.0,0.002434,0.0,0.000143,0.002652,0.0,2733599.0,2733599.0,0.0,0.0,0.0,0.0,203934.0,0.500148,2733599.0,0.0,4632660.0,1899061.0,42763187.0,17.7,66.6,2895678,121585,4878416.0,784607,0,3248149.0,573730.0,0,0.9496238123194086,49.0,pass,pass,Sanger / Illumina 1.9,Conventional base calls,FASTQC_OUT,fail,pass,pass,fail,pass,pass,pass,pass,warn,50-57,warn,0.0,61.11369008075515,4691255.0,female,NA,0.5,(y_counts^2 / total_counts) > cutoff,1637153,50776,568,7,5,0.0001378604064912557,0.008802816901408451
lib30441_CCGF9ANXX,0.0,UNPAIRED,57906791.0,709941.0,0.0,699687.0,6430445.0,41326077.0,Unknown Library,55.299339,0.867226,0.531732,0.620042,0.404924,0.0,0.0,0.388493,0.503637,0.043141,0.277254,0.678233,1.0,1.0,0.0,0.001385,0.675774,0.289741,0.427564,149055102.0,149055102.0,149597541.0,139139981.0,134667710.0,2523482.0,0.002374,0.0,0.000147,0.002553,0.0,2705232.0,2705232.0,0.0,0.0,0.0,0.0,206434.0,0.500412,2705232.0,0.0,4725825.0,2020593.0,43187367.0,17.5,64.6,2886843,120266,4988395.0,773444,0,3221780.0,564390.0,0,0.947363831452802,49.0,pass,pass,Sanger / Illumina 1.9,Conventional base calls,FASTQC_OUT,warn,pass,pass,fail,pass,pass,pass,pass,warn,50-57,warn,0.0,59.42147101985792,4784268.0,female,NA,0.5,(y_counts^2 / total_counts) > cutoff,1629772,50456,559,3,2,5.945774536229586e-05,0.0035778175313059034
lib30442_CCGF9ANXX,0.0,UNPAIRED,47366268.0,581355.0,0.0,572341.0,4311844.0,26788193.0,Unknown Library,55.050271,0.861207,0.515246,0.604802,0.433224,0.0,0.0,0.419255,0.503907,0.038166,0.237112,0.72302,1.0,1.0,0.0,0.001716,0.720618,0.303765,0.361149,112977126.0,112977126.0,113353683.0,105116431.0,99309945.0,1914446.0,0.002586,0.0,0.000129,0.002729,0.0,2059094.0,2059094.0,0.0,0.0,0.0,0.0,193854.0,0.500187,2059094.0,0.0,3223120.0,1164026.0,34318441.0,15.6,70.0,1832550,93740,3382621.0,499980,0,2368356.0,370574.0,0,0.9528469195928246,48.0,pass,pass,Sanger / Illumina 1.9,Conventional base calls,FASTQC_OUT,warn,pass,pass,fail,pass,pass,pass,pass,warn,50-57,warn,0.0,65.7215446603456,3259776.0,female,NA,0.5,(y_counts^2 / total_counts) > cutoff,1320726,42931,548,448,19,0.010435349747268874,0.03467153284671533
lib30443_CCGF9ANXX,0.0,UNPAIRED,50284261.0,618275.0,0.0,610373.0,4985780.0,27685051.0,Unknown Library,55.184258,0.86582,0.538736,0.6155,0.41919,0.0,0.0,0.418079,0.503216,0.041453,0.230182,0.726682,1.0,1.0,0.0,0.001696,0.72406,0.308603,0.424259,120274524.0,120274524.0,120710045.0,111486694.0,106941084.0,2026021.0,0.002445,0.0,0.000136,0.002634,0.0,2187400.0,2187400.0,0.0,0.0,0.0,0.0,204009.0,0.500048,2187400.0,0.0,3799275.0,1611875.0,37117105.0,19.2,66.7,2675375,105381,4013551.0,519728,0,2677255.0,514721.0,0,0.946611865652137,49.0,pass,pass,Sanger / Illumina 1.9,Conventional base calls,FASTQC_OUT,fail,pass,pass,fail,pass,pass,pass,pass,warn,50-57,warn,0.0,59.9318376841788,3845332.0,male,NA,0.5,(y_counts^2 / total_counts) > cutoff,1400912,46166,567,1110,26,0.024043668500628168,0.04585537918871252
lib30444_CCGF9ANXX,0.0,UNPAIRED,68970684.0,833845.0,0.0,825729.0,9474015.0,46121970.0,Unknown Library,55.428482,0.843383,0.603269,0.69258,0.377018,0.0,0.0,0.395897,0.502445,0.054382,0.264743,0.679745,1.0,1.0,0.0,0.001139,0.677409,0.283848,0.448212,174213915.0,174213915.0,174814726.0,162860194.0,159091738.0,2946424.0,0.002234,0.0,0.000145,0.002502,0.0,3153879.0,3153879.0,0.0,0.0,0.0,0.0,198434.0,0.499896,3153879.0,0.0,5715744.0,2561865.0,49450311.0,15.7,61.7,2840557,139432,6017435.0,896965,0,3710362.0,581523.0,0,0.9498638539510605,49.0,pass,pass,Sanger / Illumina 1.9,Conventional base calls,FASTQC_OUT,fail,pass,pass,fail,pass,pass,pass,pass,warn,50-57,warn,0.0,57.68563686701705,5784110.0,male,NA,0.5,(y_counts^2 / total_counts) > cutoff,1910027,58351,604,1350,23,0.023135850285342152,0.0380794701986755
lib30445_CCGF9ANXX,0.0,UNPAIRED,39623243.0,488070.0,0.0,490614.0,7354032.0,46550476.0,Unknown Library,54.997348,0.837021,0.671357,0.793157,0.432014,0.0,0.0,0.322162,0.4987,0.059793,0.378485,0.56021,1.0,1.0,0.0,0.001526,0.557867,0.238048,0.32448,122991760.0,122991760.0,123508314.0,113826239.0,111087699.0,2076574.0,0.002323,0.0,0.00016,0.002544,0.0,2245714.0,2245714.0,0.0,0.0,0.0,0.0,187662.0,0.500332,2245714.0,0.0,3324425.0,1078711.0,29277969.0,18.0,73.0,2545997,84784,3577158.0,872833,0,2612605.0,470632.0,0,0.9293481025998852,50.0,pass,pass,Sanger / Illumina 1.9,Conventional base calls,FASTQC_OUT,fail,pass,pass,fail,pass,pass,pass,pass,warn,50-57,warn,0.0,69.20452851141611,3385719.0,male,NA,0.5,(y_counts^2 / total_counts) > cutoff,1118957,34293,529,1576,24,0.0459569008252413,0.045368620037807186
lib30446_CCGF9ANXX,0.0,UNPAIRED,72644794.0,876192.0,0.0,865754.0,6827870.0,42616952.0,Unknown Library,55.419532,0.855551,0.580071,0.671253,0.376781,0.0,0.0,0.418481,0.502996,0.039333,0.245501,0.713964,1.0,1.0,0.0,0.001214,0.711439,0.295483,0.514441,173591757.0,173591757.0,174207864.0,162079536.0,158317738.0,2933049.0,0.002132,0.0,0.000151,0.002287,0.0,3143438.0,3143438.0,0.0,0.0,0.0,0.0,210688.0,0.499936,3143438.0,0.0,6473858.0,3330420.0,51293449.0,23.4,62.0,5493706,149268,6796409.0,791459,0,4216321.0,986302.0,0,0.9525409668547022,50.0,pass,pass,Sanger / Illumina 1.9,Conventional base calls,FASTQC_OUT,fail,pass,pass,fail,pass,pass,pass,pass,warn,50-57,warn,0.0,51.28654146910387,6544771.0,male,NA,0.5,(y_counts^2 / total_counts) > cutoff,1992322,63268,577,1660,32,0.026237592463804766,0.05545927209705372
lib30447_CCGF9ANXX,0.0,UNPAIRED,67964946.0,828963.0,0.0,819275.0,6767389.0,46059936.0,Unknown Library,55.003767,0.849912,0.587484,0.671821,0.38779,0.0,0.0,0.400698,0.502939,0.039898,0.271553,0.687352,1.0,1.0,0.0,0.001209,0.685012,0.286654,0.427511,169616582.0,169616582.0,170196010.0,158854428.0,155045997.0,2896216.0,0.002112,0.0,0.000143,0.002253,0.0,3094261.0,3094261.0,0.0,0.0,0.0,0.0,205089.0,0.500069,3094261.0,0.0,5404930.0,2310669.0,48621327.0,15.1,63.6,2674003,138072,5668186.0,862318,0,3604328.0,544396.0,0,0.9535555114105289,49.0,pass,pass,Sanger / Illumina 1.9,Conventional base calls,FASTQC_OUT,fail,pass,pass,fail,pass,pass,pass,pass,warn,50-57,warn,0.0,59.33074414989344,5462390.0,female,NA,0.5,(y_counts^2 / total_counts) > cutoff,1895826,60600,593,1,1,1.65016501650165e-05,0.0016863406408094434
lib30448_CCGF9ANXX,0.0,UNPAIRED,68600789.0,842082.0,0.0,833575.0,7668961.0,42933910.0,Unknown Library,55.412894,0.852433,0.579217,0.667707,0.378953,0.0,0.0,0.401731,0.502538,0.04491,0.251424,0.702448,1.0,1.0,0.0,0.001231,0.699818,0.300717,0.487557,170763175.0,170763175.0,171404937.0,159381447.0,155650817.0,2885150.0,0.00222,0.0,0.000156,0.002402,0.0,3093232.0,3093232.0,0.0,0.0,0.0,0.0,210242.0,0.500097,3093232.0,0.0,6036243.0,2943011.0,51351455.0,18.1,59.4,3429047,148270,6348486.0,813507,0,3768858.0,682208.0,0,0.9508161473459972,50.0,pass,pass,Sanger / Illumina 1.9,Conventional base calls,FASTQC_OUT,fail,pass,pass,fail,pass,pass,pass,pass,warn,50-57,warn,0.0,53.95397398038195,6105897.0,female,NA,0.5,(y_counts^2 / total_counts) > cutoff,1923373,62136,602,3,3,4.828118964851294e-05,0.0049833887043189366
lib30449_CCGF9ANXX,0.0,UNPAIRED,64926784.0,790154.0,0.0,775566.0,6572416.0,39916037.0,Unknown Library,55.420834,0.854834,0.572315,0.656166,0.395793,0.0,0.0,0.408362,0.504659,0.041338,0.251055,0.706344,1.0,1.0,0.0,0.001276,0.703577,0.297983,0.457986,158993363.0,158993363.0,159618652.0,147917592.0,144467810.0,2677573.0,0.002279,0.0,0.000154,0.002504,0.0,2880120.0,2880120.0,0.0,0.0,0.0,0.0,202857.0,0.500041,2880120.0,0.0,5313737.0,2433617.0,47377286.0,17.6,62.0,3092439,137615,5628937.0,746450,0,3487351.0,615349.0,0,0.9440036369211452,49.0,pass,pass,Sanger / Illumina 1.9,Conventional base calls,FASTQC_OUT,warn,pass,pass,fail,pass,pass,pass,pass,warn,50-57,warn,0.0,57.09390781353191,5382687.0,male,NA,0.5,(y_counts^2 / total_counts) > cutoff,1793508,56309,573,1620,24,0.028769823651636505,0.041884816753926704
lib30450_CCGF9ANXX,0.0,UNPAIRED,74228963.0,904093.0,0.0,892633.0,8778572.0,38289354.0,Unknown Library,55.394413,0.844237,0.577535,0.655547,0.383633,0.0,0.0,0.422633,0.503189,0.049982,0.218006,0.730845,1.0,1.0,0.0,0.001177,0.728026,0.308213,0.473636,175634737.0,175634737.0,176314988.0,163559297.0,159581935.0,2961952.0,0.002267,0.0,0.000155,0.002499,0.0,3182902.0,3182902.0,0.0,0.0,0.0,0.0,206791.0,0.499904,3182902.0,0.0,6046958.0,2864056.0,54132882.0,19.3,61.7,3902304,158935,6380208.0,749729,0,3933906.0,760360.0,0,0.947768160536459,49.0,pass,pass,Sanger / Illumina 1.9,Conventional base calls,FASTQC_OUT,fail,pass,pass,fail,pass,pass,pass,pass,warn,50-57,warn,0.0,55.22126723709323,6120728.0,female,NA,0.5,(y_counts^2 / total_counts) > cutoff,2053288,67298,620,10,7,0.0001485928259383637,0.01129032258064516
lib30451_CCGF9ANXX,0.0,UNPAIRED,60340817.0,747268.0,0.0,732013.0,7580979.0,42160672.0,Unknown Library,55.406862,0.87408,0.552417,0.629816,0.405173,0.0,0.0,0.387467,0.505156,0.04868,0.270727,0.679317,1.0,1.0,0.0,0.001288,0.676789,0.29185,0.4064,155731356.0,155731356.0,156313119.0,144824650.0,141265395.0,2621761.0,0.002351,0.0,0.000157,0.002593,0.0,2821187.0,2821187.0,0.0,0.0,0.0,0.0,200532.0,0.500423,2821187.0,0.0,4752676.0,1931489.0,45450217.0,16.2,65.7,2602915,130147,5041327.0,801876,0,3313477.0,535146.0,0,0.9427430515814587,49.0,pass,pass,Sanger / Illumina 1.9,Conventional base calls,FASTQC_OUT,fail,pass,pass,fail,pass,pass,pass,pass,warn,50-57,warn,0.0,61.824474052147536,4821265.0,male,NA,0.5,(y_counts^2 / total_counts) > cutoff,1689738,52937,599,1574,29,0.02973345675047698,0.048414023372287146
lib30452_CCGF9ANXX,0.0,UNPAIRED,59526825.0,748136.0,0.0,733683.0,11111054.0,54761448.0,Unknown Library,55.415102,0.864438,0.564489,0.648387,0.39502,0.0,0.0,0.345637,0.504877,0.064515,0.317968,0.616333,1.0,1.0,0.0,0.001196,0.61395,0.270695,0.425113,172223377.0,172223377.0,172891626.0,160411072.0,156549310.0,2903665.0,0.002429,0.0,0.000176,0.002685,0.0,3119937.0,3119937.0,0.0,0.0,0.0,0.0,206014.0,0.500519,3119937.0,0.0,5427046.0,2307109.0,46620044.0,18.9,65.2,3679469,129760,5794162.0,1072499,0,3775829.0,711944.0,0,0.936640363179352,49.0,pass,pass,Sanger / Illumina 1.9,Conventional base calls,FASTQC_OUT,warn,pass,pass,fail,pass,pass,pass,pass,warn,50-57,warn,0.0,60.04673641226822,5509330.0,female,NA,0.5,(y_counts^2 / total_counts) > cutoff,1701406,52941,583,3,3,5.6666855556185186e-05,0.005145797598627788
lib30453_CCGF9ANXX,0.0,UNPAIRED,62735927.0,756954.0,0.0,748085.0,7141027.0,42315685.0,Unknown Library,55.403221,0.836405,0.608248,0.708161,0.386713,0.0,0.0,0.399646,0.502946,0.04549,0.269563,0.683629,1.0,1.0,0.0,0.001329,0.681013,0.283983,0.463806,156978832.0,156978832.0,157581885.0,146279112.0,142796513.0,2648476.0,0.002243,0.0,0.000149,0.002435,0.0,2844273.0,2844273.0,0.0,0.0,0.0,0.0,208654.0,0.499856,2844273.0,0.0,5304560.0,2460287.0,44579374.0,20.2,63.0,3780971,131169,5620308.0,794284,0,3542029.0,714554.0,0,0.9438201607456389,50.0,pass,pass,Sanger / Illumina 1.9,Conventional base calls,FASTQC_OUT,warn,pass,pass,fail,pass,pass,pass,pass,warn,50-57,warn,0.0,56.34243108637247,5370458.0,female,NA,0.5,(y_counts^2 / total_counts) > cutoff,1723023,56210,576,8,8,0.00014232342999466287,0.013888888888888888
lib30454_CCGF9ANXX,0.0,UNPAIRED,64091857.0,814336.0,0.0,799740.0,9284099.0,46989520.0,Unknown Library,55.384413,0.87209,0.564116,0.647036,0.391606,0.0,0.0,0.371696,0.504521,0.053842,0.272512,0.672476,1.0,1.0,0.0,0.00118,0.669804,0.30078,0.460098,172430899.0,172430899.0,173118772.0,160121124.0,156167962.0,2900281.0,0.002326,0.0,0.000169,0.002549,0.0,3125767.0,3125767.0,0.0,0.0,0.0,0.0,203478.0,0.500441,3125767.0,0.0,5789504.0,2663737.0,51863722.0,21.0,63.5,4259974,149900,6169396.0,904027,0,3914584.0,820519.0,0,0.9384231454748568,49.0,pass,pass,Sanger / Illumina 1.9,Conventional base calls,FASTQC_OUT,fail,pass,pass,fail,pass,pass,pass,pass,warn,50-57,warn,0.0,56.496648358514946,5868426.0,male,NA,0.5,(y_counts^2 / total_counts) > cutoff,1846354,57149,601,1698,38,0.029711805980857056,0.0632279534109817
lib30455_CCGF9ANXX,0.0,UNPAIRED,58242198.0,730223.0,0.0,719566.0,9358157.0,44773342.0,Unknown Library,55.012902,0.885589,0.552419,0.636253,0.39209,0.0,0.0,0.371186,0.503675,0.059641,0.285347,0.653767,1.0,1.0,0.0,0.001259,0.651266,0.282582,0.458681,156908585.0,156908585.0,157511070.0,146430771.0,143083834.0,2670033.0,0.002257,0.0,0.000165,0.002508,0.0,2863166.0,2863166.0,0.0,0.0,0.0,0.0,197598.0,0.500522,2863166.0,0.0,5289238.0,2426072.0,44339478.0,19.3,62.7,3558372,120128,5603659.0,882442,0,3510995.0,678324.0,0,0.9438900546946201,49.0,pass,pass,Sanger / Illumina 1.9,Conventional base calls,FASTQC_OUT,fail,pass,pass,fail,pass,pass,pass,pass,warn,50-57,warn,0.0,56.825551331390145,5359062.0,male,NA,0.5,(y_counts^2 / total_counts) > cutoff,1667463,51382,544,1160,26,0.02257599937721381,0.04779411764705882
lib30456_CCGF9ANXX,0.0,UNPAIRED,65318863.0,801244.0,0.0,789642.0,7500967.0,48823202.0,Unknown Library,55.338335,0.8569,0.562866,0.664606,0.392499,0.0,0.0,0.384039,0.503646,0.044102,0.287053,0.667657,1.0,1.0,0.0,0.001199,0.665245,0.283618,0.399823,170084105.0,170084105.0,170700833.0,158793899.0,154168214.0,2878025.0,0.002323,0.0,0.000158,0.002495,0.0,3084676.0,3084676.0,0.0,0.0,0.0,0.0,203851.0,0.500116,3084676.0,0.0,5139612.0,2054936.0,48238993.0,15.5,66.2,2694899,137540,5404844.0,914880,0,3579813.0,553518.0,0,0.9509269832764831,49.0,pass,pass,Sanger / Illumina 1.9,Conventional base calls,FASTQC_OUT,warn,pass,pass,fail,pass,pass,pass,pass,warn,50-57,warn,0.0,62.130899379974025,5203539.0,male,NA,0.5,(y_counts^2 / total_counts) > cutoff,1825605,57497,602,1801,30,0.03132337339339444,0.04983388704318937
lib30457_CCGF9ANXX,0.0,UNPAIRED,77779399.0,957878.0,0.0,945550.0,8915189.0,53631229.0,Unknown Library,54.979422,0.85616,0.564584,0.66119,0.377315,0.0,0.0,0.392651,0.503238,0.045006,0.270745,0.683154,1.0,1.0,0.0,0.001108,0.680556,0.290502,0.471058,198087711.0,198087711.0,198843799.0,184732764.0,180221827.0,3370458.0,0.00221,0.0,0.000164,0.002388,0.0,3616695.0,3616695.0,0.0,0.0,0.0,0.0,219569.0,0.500223,3616695.0,0.0,6837598.0,3220903.0,57544931.0,19.4,62.3,4556882,166750,7221824.0,1016640,0,4497060.0,874025.0,0,0.9467965433663296,49.0,pass,pass,Sanger / Illumina 1.9,Conventional base calls,FASTQC_OUT,fail,pass,pass,fail,pass,pass,pass,pass,warn,50-57,warn,0.0,55.51552958007353,6919212.0,female,NA,0.5,(y_counts^2 / total_counts) > cutoff,2187068,70848,621,10,9,0.00014114724480578138,0.014492753623188406
lib30458_CCGF9ANXX,0.0,UNPAIRED,66317311.0,822064.0,0.0,813788.0,6959879.0,42828864.0,Unknown Library,54.929171,0.860966,0.567519,0.662417,0.389058,0.0,0.0,0.400126,0.50253,0.041993,0.258408,0.698333,1.0,1.0,0.0,0.001279,0.695635,0.298207,0.510373,165740984.0,165740984.0,166383919.0,154532496.0,150324879.0,2822054.0,0.002259,0.0,0.00016,0.002425,0.0,3029063.0,3029063.0,0.0,0.0,0.0,0.0,211912.0,0.500253,3029063.0,0.0,6186471.0,3157408.0,49425165.0,23.8,61.9,5398067,139630,6555961.0,806798,0,4058763.0,964708.0,0,0.9436406043294034,50.0,pass,pass,Sanger / Illumina 1.9,Conventional base calls,FASTQC_OUT,fail,pass,pass,fail,pass,pass,pass,pass,warn,50-57,warn,0.0,51.805680444928456,6261257.0,male,NA,0.5,(y_counts^2 / total_counts) > cutoff,1875626,60066,560,1319,19,0.021959178237272333,0.033928571428571426
lib30459_CCGF9ANXX,0.0,UNPAIRED,53724767.0,669725.0,0.0,654020.0,7021599.0,40901481.0,Unknown Library,55.228098,0.869099,0.544947,0.610338,0.413772,0.0,0.0,0.377316,0.505932,0.049314,0.287256,0.662024,1.0,1.0,0.0,0.00142,0.659632,0.284708,0.35868,142386659.0,142386659.0,142903036.0,132607528.0,127595823.0,2408011.0,0.002513,0.0,0.000146,0.002723,0.0,2587506.0,2587506.0,0.0,0.0,0.0,0.0,202232.0,0.500182,2587506.0,0.0,4034657.0,1447151.0,40538609.0,13.8,68.3,1859301,112961,4273919.0,779619,0,2918356.0,401375.0,0,0.944018124817059,48.0,pass,pass,Sanger / Illumina 1.9,Conventional base calls,FASTQC_OUT,fail,pass,pass,fail,pass,pass,pass,pass,warn,50-57,warn,0.0,65.72862891007763,4089665.0,male,NA,0.5,(y_counts^2 / total_counts) > cutoff,1515431,46504,577,1327,27,0.028535179769482194,0.04679376083188908
lib30460_CCGF9ANXX,0.0,UNPAIRED,47951324.0,598931.0,0.0,585656.0,12591591.0,39214198.0,Unknown Library,55.396145,0.864902,0.548391,0.633078,0.412126,0.0,0.0,0.349998,0.505603,0.091906,0.286226,0.620436,1.0,1.0,0.0,0.001448,0.618007,0.270437,0.414125,137004384.0,137004384.0,137542867.0,126860659.0,123748039.0,2297080.0,0.002475,0.0,0.000153,0.002902,0.0,2482896.0,2482896.0,0.0,0.0,0.0,0.0,198383.0,0.500529,2482896.0,0.0,4237929.0,1755033.0,37051089.0,16.9,64.6,2447209,106698,4553854.0,833362,0,2941113.0,498462.0,0,0.9306246972344744,49.0,pass,pass,Sanger / Illumina 1.9,Conventional base calls,FASTQC_OUT,fail,pass,pass,fail,pass,pass,pass,pass,warn,50-57,warn,0.0,61.02466719685534,4305945.0,male,NA,0.5,(y_counts^2 / total_counts) > cutoff,1357020,41660,604,1161,35,0.02786845895343255,0.057947019867549666
lib30461_CCGF9ANXX,0.0,UNPAIRED,85363196.0,1020235.0,0.0,1014857.0,11048961.0,67429875.0,Unknown Library,55.412078,0.861464,0.626923,0.723743,0.374887,0.0,0.0,0.381744,0.501321,0.049411,0.301546,0.648106,1.0,1.0,0.0,0.000946,0.645592,0.266363,0.455847,223613871.0,223613871.0,224484967.0,209088008.0,204168845.0,3785384.0,0.002249,0.0,0.000156,0.002459,0.0,4051192.0,4051192.0,0.0,0.0,0.0,0.0,211610.0,0.499936,4051192.0,0.0,7444954.0,3393762.0,59562396.0,16.7,61.5,4112505,174835,7848951.0,1269481,0,4829950.0,804851.0,0,0.9485285358514788,50.0,pass,pass,Sanger / Illumina 1.9,Conventional base calls,FASTQC_OUT,fail,pass,pass,fail,pass,pass,pass,pass,warn,50-57,warn,0.0,56.85887333313466,7544940.0,male,NA,0.5,(y_counts^2 / total_counts) > cutoff,2341068,69034,598,1992,21,0.0288553466407857,0.03511705685618729
lib30462_CCGF9ANXX,0.0,UNPAIRED,59572583.0,785786.0,0.0,763536.0,7553688.0,40972752.0,Unknown Library,55.379206,0.876896,0.567018,0.625162,0.403511,0.0,0.0,0.370501,0.507181,0.046979,0.254823,0.696928,1.0,1.0,0.0,0.001286,0.69349,0.326427,0.5374,160789252.0,160789252.0,161586388.0,148230722.0,144967038.0,2686801.0,0.002373,0.0,0.00017,0.002608,0.0,2917817.0,2917817.0,0.0,0.0,0.0,0.0,206730.0,0.500497,2917817.0,0.0,6307424.0,3389607.0,52485987.0,30.5,61.4,7171311,156833,6880211.0,767129,0,4227048.0,1288450.0,0,0.9167486287847858,50.0,pass,pass,Sanger / Illumina 1.9,Conventional base calls,FASTQC_OUT,fail,warn,pass,fail,pass,pass,pass,pass,fail,50-57,warn,0.0,49.57374152783805,6409844.0,female,NA,0.5,(y_counts^2 / total_counts) > cutoff,1762839,57496,563,9,7,0.00015653262835675524,0.012433392539964476
lib30463_CCGF9ANXX,0.0,UNPAIRED,61980376.0,813588.0,0.0,798533.0,8035523.0,46788750.0,Unknown Library,55.360254,0.870488,0.555414,0.615806,0.404688,0.0,0.0,0.361579,0.504669,0.046877,0.272954,0.678963,1.0,1.0,0.0,0.001219,0.676028,0.317385,0.521386,171416008.0,171416008.0,172160205.0,158704113.0,154963146.0,2876376.0,0.002306,0.0,0.000158,0.002502,0.0,3109816.0,3109816.0,0.0,0.0,0.0,0.0,208892.0,0.500282,3109816.0,0.0,6497551.0,3387735.0,54404812.0,28.2,62.6,6823158,158476,6975024.0,877254,0,4366018.0,1231907.0,0,0.931545325148702,50.0,pass,pass,Sanger / Illumina 1.9,Conventional base calls,FASTQC_OUT,fail,warn,pass,fail,pass,pass,pass,pass,warn,50-57,warn,0.0,50.50110431312254,6592140.0,male,NA,0.5,(y_counts^2 / total_counts) > cutoff,1840646,56969,563,1746,26,0.030648247292387087,0.046181172291296625
lib30464_CCGF9ANXX,0.0,UNPAIRED,66803883.0,859928.0,0.0,850355.0,8215338.0,52857386.0,Unknown Library,55.351835,0.845203,0.551126,0.63747,0.39479,0.0,0.0,0.361687,0.502799,0.044479,0.286178,0.668224,1.0,1.0,0.0,0.00113,0.665659,0.306537,0.487882,184700767.0,184700767.0,185412484.0,171727074.0,167378504.0,3111878.0,0.002261,0.0,0.000152,0.002434,0.0,3349708.0,3349708.0,0.0,0.0,0.0,0.0,208778.0,0.500283,3349708.0,0.0,6540891.0,3191183.0,56617592.0,23.2,62.7,5374617,167684,6954567.0,985823,0,4358515.0,1012606.0,0,0.9405173607501373,50.0,pass,pass,Sanger / Illumina 1.9,Conventional base calls,FASTQC_OUT,fail,pass,pass,fail,pass,pass,pass,pass,warn,50-57,warn,0.0,53.47772143652861,6628539.0,male,NA,0.5,(y_counts^2 / total_counts) > cutoff,1958371,60793,569,1913,26,0.03146743868537496,0.04569420035149385
lib30465_CCGF9ANXX,0.0,UNPAIRED,88728978.0,1090754.0,0.0,1076658.0,8923088.0,52204935.0,Unknown Library,55.406047,0.845868,0.582284,0.68126,0.365652,0.0,0.0,0.409517,0.503252,0.041183,0.240945,0.716915,1.0,1.0,0.0,0.000966,0.714244,0.307399,0.507856,216667627.0,216667627.0,217478041.0,202063413.0,197520436.0,3657883.0,0.00215,0.0,0.000143,0.002333,0.0,3925168.0,3925168.0,0.0,0.0,0.0,0.0,209375.0,0.500108,3925168.0,0.0,7975642.0,4050474.0,66603368.0,21.3,59.6,5567972,204391,8449162.0,979552,0,5037617.0,1074975.0,0,0.9439565722612491,50.0,pass,pass,Sanger / Illumina 1.9,Conventional base calls,FASTQC_OUT,fail,pass,pass,fail,pass,pass,pass,pass,warn,50-57,warn,0.0,51.82354014118161,8077141.0,male,NA,0.5,(y_counts^2 / total_counts) > cutoff,2473940,77012,589,2217,27,0.028787721394068457,0.04584040747028863
lib30466_CCGF9ANXX,0.0,UNPAIRED,77450195.0,983851.0,0.0,968134.0,8789831.0,55325019.0,Unknown Library,55.400548,0.840821,0.574275,0.669852,0.381157,0.0,0.0,0.378056,0.504026,0.042906,0.270057,0.686003,1.0,1.0,0.0,0.001047,0.683184,0.307947,0.522528,204864477.0,204864477.0,205709712.0,190668578.0,186398406.0,3452935.0,0.002285,0.0,0.000153,0.002466,0.0,3713135.0,3713135.0,0.0,0.0,0.0,0.0,214411.0,0.499934,3713135.0,0.0,7776655.0,4063520.0,63087487.0,23.1,58.7,5917309,188507,8313305.0,1029702,0,4882928.0,1127102.0,0,0.9354468529664195,50.0,pass,pass,Sanger / Illumina 1.9,Conventional base calls,FASTQC_OUT,warn,pass,pass,fail,pass,pass,pass,pass,warn,50-57,warn,0.0,50.403178903414684,7881371.0,male,NA,0.5,(y_counts^2 / total_counts) > cutoff,2234726,69668,594,1896,26,0.027214790147556983,0.04377104377104377
lib30467_CCGF9ANXX,0.0,UNPAIRED,59265237.0,770003.0,0.0,760741.0,11677307.0,33335718.0,Unknown Library,55.379803,0.888555,0.552864,0.609188,0.413714,0.0,0.0,0.379372,0.503025,0.074749,0.21339,0.710608,1.0,1.0,0.0,0.001265,0.707168,0.331237,0.558679,156219490.0,156219490.0,156979480.0,143756914.0,140604531.0,2605583.0,0.002388,0.0,0.000165,0.002672,0.0,2834598.0,2834598.0,0.0,0.0,0.0,0.0,197648.0,0.500709,2834598.0,0.0,6422987.0,3588389.0,51745640.0,33.2,61.3,8067720,156175,7018391.0,704510,0,4303836.0,1429494.0,0,0.915165171048464,51.0,pass,pass,Sanger / Illumina 1.9,Conventional base calls,FASTQC_OUT,fail,warn,pass,fail,pass,pass,pass,pass,fail,50-57,warn,0.0,47.48889168466571,6528902.0,male,NA,0.5,(y_counts^2 / total_counts) > cutoff,1744898,56804,561,1613,27,0.028395887613548342,0.0481283422459893
lib30468_CCGF9ANXX,0.0,UNPAIRED,52824001.0,733345.0,0.0,712004.0,8787939.0,60533069.0,Unknown Library,55.349473,0.905432,0.536539,0.573743,0.427101,0.0,0.0,0.302808,0.507383,0.050376,0.346999,0.601477,1.0,1.0,0.0,0.001163,0.598723,0.298669,0.455938,174447184.0,174447184.0,175249493.0,161909887.0,157937873.0,2935645.0,0.002478,0.0,0.00017,0.002683,0.0,3166236.0,3166236.0,0.0,0.0,0.0,0.0,202929.0,0.499898,3166236.0,0.0,5819627.0,2653391.0,52101912.0,20.7,61.5,4218131,137923,6389406.0,1127781,0,3932475.0,812376.0,0,0.9108244177940797,49.0,pass,pass,Sanger / Illumina 1.9,Conventional base calls,FASTQC_OUT,fail,pass,pass,fail,pass,pass,pass,pass,warn,50-57,warn,0.0,56.96914550056002,5916355.0,male,NA,0.5,(y_counts^2 / total_counts) > cutoff,1669941,48579,569,1532,25,0.03153626052409477,0.043936731107205626
lib30469_CCGF9ANXX,0.0,UNPAIRED,108479869.0,1259075.0,0.0,1257018.0,9509546.0,54674068.0,Unknown Library,55.004447,0.837729,0.616392,0.717145,0.363362,0.0,0.0,0.448395,0.500409,0.039307,0.225992,0.733849,1.0,1.0,0.0,0.000861,0.731424,0.285454,0.502976,241929132.0,241929132.0,242731050.0,226546888.0,221428081.0,4130018.0,0.002116,0.0,0.000131,0.002271,0.0,4412935.0,4412935.0,0.0,0.0,0.0,0.0,208304.0,0.500055,4412935.0,0.0,8878710.0,4465775.0,69059519.0,17.3,57.9,4573367,220552,9299046.0,1039336,0,5386773.0,934061.0,0,0.9547979437890726,50.0,pass,pass,Sanger / Illumina 1.9,Conventional base calls,FASTQC_OUT,fail,pass,pass,fail,pass,pass,pass,pass,warn,50-57,warn,0.0,52.04963675468958,8974115.0,male,NA,0.5,(y_counts^2 / total_counts) > cutoff,2870130,90605,632,2709,35,0.029899012195794935,0.055379746835443035
lib30470_CCGF9ANXX,0.0,UNPAIRED,83102880.0,1039594.0,0.0,1015365.0,5772802.0,24444016.0,Unknown Library,55.396766,0.861292,0.58567,0.67322,0.37247,0.0,0.0,0.465482,0.505895,0.032335,0.136918,0.829653,1.0,1.0,0.0,0.001105,0.82626,0.364171,0.570194,178530764.0,178530764.0,179263823.0,165726553.0,162027662.0,3001390.0,0.002116,0.0,0.000148,0.002271,0.0,3235998.0,3235998.0,0.0,0.0,0.0,0.0,197330.0,0.499888,3235998.0,0.0,7528974.0,4292976.0,65015700.0,27.6,57.8,6804604,199047,7993859.0,458598,0,4617490.0,1273743.0,0,0.9418447335636018,50.0,pass,pass,Sanger / Illumina 1.9,Conventional base calls,FASTQC_OUT,fail,pass,pass,fail,pass,pass,pass,pass,fail,50-57,warn,0.0,46.01132605016516,7617562.0,male,NA,0.5,(y_counts^2 / total_counts) > cutoff,2343745,77415,551,2056,26,0.026558160563198346,0.047186932849364795
lib30471_CCGF9ANXX,0.0,UNPAIRED,62654331.0,795397.0,0.0,774779.0,5788758.0,33434955.0,Unknown Library,55.232551,0.875731,0.537832,0.614772,0.397001,0.0,0.0,0.411289,0.506566,0.038,0.219481,0.741235,1.0,1.0,0.0,0.001297,0.73835,0.329946,0.477606,152336548.0,152336548.0,152931644.0,141121568.0,136309167.0,2562761.0,0.00238,0.0,0.000142,0.002568,0.0,2768868.0,2768868.0,0.0,0.0,0.0,0.0,197606.0,0.49993,2768868.0,0.0,5300349.0,2531481.0,50262787.0,23.1,63.2,4323468,149641,5658773.0,622316,0,3573895.0,825320.0,0,0.936660473922527,50.0,pass,pass,Sanger / Illumina 1.9,Conventional base calls,FASTQC_OUT,fail,pass,pass,fail,pass,pass,pass,pass,warn,50-57,warn,0.0,54.297637230566394,5371594.0,female,NA,0.5,(y_counts^2 / total_counts) > cutoff,1790804,57862,559,6,3,0.00010369499844457502,0.005366726296958855
lib30472_CCGF9ANXX,0.0,UNPAIRED,80659922.0,996610.0,0.0,972834.0,6409860.0,30609910.0,Unknown Library,55.34467,0.864035,0.572665,0.65365,0.376959,0.0,0.0,0.451592,0.506036,0.035887,0.171376,0.791713,1.0,1.0,0.0,0.001034,0.788542,0.34012,0.538183,178612185.0,178612185.0,179330512.0,165305479.0,161077342.0,2996144.0,0.002266,0.0,0.000144,0.0025,0.0,3240249.0,3240249.0,0.0,0.0,0.0,0.0,184601.0,0.500484,3240249.0,0.0,7016298.0,3776049.0,60749643.0,23.9,59.1,5476618,190533,7471454.0,576070,0,4418755.0,1054584.0,0,0.9390806662264132,50.0,pass,pass,Sanger / Illumina 1.9,Conventional base calls,FASTQC_OUT,fail,pass,pass,fail,pass,warn,pass,pass,fail,50-57,warn,0.0,49.650339253619556,7125936.0,male,NA,0.5,(y_counts^2 / total_counts) > cutoff,2229541,71315,589,1855,26,0.02601135805931431,0.044142614601018676
lib30473_CCGF9ANXX,0.0,UNPAIRED,76154733.0,953577.0,0.0,933484.0,5388583.0,20071802.0,Unknown Library,55.35377,0.865192,0.569756,0.640269,0.380047,0.0,0.0,0.471562,0.505324,0.033367,0.124288,0.841117,1.0,1.0,0.0,0.001241,0.837595,0.369555,0.560243,161494665.0,161494665.0,162173705.0,149617208.0,145968969.0,2711856.0,0.002164,0.0,0.000147,0.002346,0.0,2929768.0,2929768.0,0.0,0.0,0.0,0.0,200377.0,0.499794,2929768.0,0.0,6662244.0,3732476.0,59681135.0,26.2,57.4,5646699,180539,7111525.0,383822,0,4078979.0,1070179.0,0,0.9368235364426055,50.0,pass,pass,Sanger / Illumina 1.9,Conventional base calls,FASTQC_OUT,fail,pass,pass,fail,pass,pass,pass,pass,fail,50-57,warn,0.0,46.67943337789939,6743123.0,male,NA,0.5,(y_counts^2 / total_counts) > cutoff,2147495,69137,528,1804,21,0.026093119458466523,0.03977272727272727
lib30474_CCGF9ANXX,0.0,UNPAIRED,87620515.0,1083963.0,0.0,1056929.0,6166344.0,27480937.0,Unknown Library,55.396523,0.842876,0.586225,0.681992,0.367963,0.0,0.0,0.466424,0.506314,0.032825,0.146287,0.81986,1.0,1.0,0.0,0.00104,0.816581,0.353437,0.569447,187856092.0,187856092.0,188610424.0,174282834.0,170386812.0,3155992.0,0.002183,0.0,0.000148,0.002387,0.0,3404734.0,3404734.0,0.0,0.0,0.0,0.0,195323.0,0.500283,3404734.0,0.0,7907821.0,4503087.0,66395244.0,26.9,57.4,6923998,208479,8423055.0,514665,0,4831142.0,1297415.0,0,0.9388305074583984,51.0,pass,pass,Sanger / Illumina 1.9,Conventional base calls,FASTQC_OUT,fail,pass,pass,fail,pass,pass,pass,pass,fail,50-57,warn,0.0,46.166024326825585,8008517.0,male,NA,0.5,(y_counts^2 / total_counts) > cutoff,2432848,77866,576,2107,28,0.027059307014614852,0.04861111111111111
lib30475_CCGF9ANXX,0.0,UNPAIRED,74093333.0,934321.0,0.0,920753.0,7866489.0,45711900.0,Unknown Library,55.35167,0.853565,0.570964,0.658183,0.393162,0.0,0.0,0.394693,0.503657,0.041905,0.243506,0.713496,1.0,1.0,0.0,0.001106,0.710331,0.318803,0.56106,187724109.0,187724109.0,188560555.0,174035757.0,169937038.0,3155191.0,0.002303,0.0,0.000155,0.002511,0.0,3406592.0,3406592.0,0.0,0.0,0.0,0.0,207566.0,0.499963,3406592.0,0.0,7760953.0,4354361.0,59847015.0,29.8,59.4,8218924,184189,8338776.0,853139,0,4953841.0,1475614.0,0,0.9307064969726971,51.0,pass,pass,Sanger / Illumina 1.9,Conventional base calls,FASTQC_OUT,fail,warn,pass,fail,pass,pass,pass,pass,fail,50-57,warn,0.0,47.039092381380385,7872823.0,female,NA,0.5,(y_counts^2 / total_counts) > cutoff,2117863,68755,593,7,5,0.00010181077739800742,0.008431703204047217
lib30476_CCGF9ANXX,0.0,UNPAIRED,65528950.0,839896.0,0.0,815130.0,5807416.0,28749621.0,Unknown Library,55.246394,0.879906,0.557315,0.630695,0.393064,0.0,0.0,0.425579,0.507482,0.037716,0.186715,0.774291,1.0,1.0,0.0,0.001291,0.77091,0.348712,0.521339,153976028.0,153976028.0,154651176.0,142316416.0,137968686.0,2584560.0,0.002356,0.0,0.00015,0.002541,0.0,2799299.0,2799299.0,0.0,0.0,0.0,0.0,198782.0,0.500156,2799299.0,0.0,5848192.0,3048893.0,53693263.0,27.6,61.9,5861692,162397,6317807.0,538029,0,3908622.0,1077354.0,0,0.9256680363930079,50.0,pass,pass,Sanger / Illumina 1.9,Conventional base calls,FASTQC_OUT,fail,pass,pass,fail,pass,pass,pass,pass,warn,50-57,warn,0.0,50.50915351883446,5931779.0,male,NA,0.5,(y_counts^2 / total_counts) > cutoff,1884134,61446,556,1668,25,0.027145786544282784,0.044964028776978415
lib30477_CCGF9ANXX,0.0,UNPAIRED,88682276.0,1013982.0,0.0,1014939.0,6312847.0,27238639.0,Unknown Library,55.343603,0.802901,0.609308,0.709144,0.375932,0.0,0.0,0.493037,0.499764,0.035097,0.151436,0.812322,1.0,1.0,0.0,0.001159,0.808651,0.319285,0.613769,179869372.0,179869372.0,180686017.0,166423415.0,162610955.0,3017752.0,0.0023,0.0,0.000147,0.002502,0.0,3264804.0,3264804.0,0.0,0.0,0.0,0.0,208476.0,0.50018,3264804.0,0.0,8452974.0,5188170.0,57429578.0,31.2,55.6,8633599,208031,9033778.0,513850,0,5019100.0,1564398.0,0,0.9357075190468483,52.0,pass,pass,Sanger / Illumina 1.9,Conventional base calls,FASTQC_OUT,fail,pass,pass,fail,pass,pass,pass,pass,fail,50-57,warn,0.0,42.05485421084311,8562390.0,male,NA,0.5,(y_counts^2 / total_counts) > cutoff,2295871,74125,555,2054,24,0.027709949409780776,0.043243243243243246
lib30478_CCGF9ANXX,0.0,UNPAIRED,65616077.0,844529.0,0.0,824974.0,6653482.0,39734026.0,Unknown Library,55.394656,0.887028,0.56682,0.60953,0.390773,0.0,0.0,0.392894,0.505857,0.03984,0.237918,0.721036,1.0,1.0,0.0,0.00122,0.717913,0.328142,0.506155,167006982.0,167006982.0,167733579.0,154731939.0,151282882.0,2802745.0,0.002243,0.0,0.000157,0.002431,0.0,3027974.0,3027974.0,0.0,0.0,0.0,0.0,203722.0,0.500275,3027974.0,0.0,6131423.0,3103449.0,54802044.0,26.0,62.0,5739871,160670,6617708.0,736333,0,4105037.0,1067228.0,0,0.926517610024498,50.0,pass,pass,Sanger / Illumina 1.9,Conventional base calls,FASTQC_OUT,fail,pass,pass,fail,pass,pass,pass,pass,warn,50-57,warn,0.0,52.237966920482194,6219215.0,female,NA,0.5,(y_counts^2 / total_counts) > cutoff,1905742,61945,581,7,5,0.0001130034708208895,0.008605851979345954
lib30479_CCGF9ANXX,0.0,UNPAIRED,73514277.0,940621.0,0.0,919117.0,7119930.0,40706296.0,Unknown Library,55.401116,0.867615,0.561719,0.63558,0.387702,0.0,0.0,0.403604,0.505781,0.039089,0.223484,0.736313,1.0,1.0,0.0,0.001126,0.733189,0.332709,0.532343,182144503.0,182144503.0,182920580.0,168912131.0,165141130.0,3059054.0,0.002219,0.0,0.000156,0.002408,0.0,3301749.0,3301749.0,0.0,0.0,0.0,0.0,205106.0,0.500243,3301749.0,0.0,7060200.0,3758451.0,60601165.0,27.4,61.1,6885615,179828,7553970.0,756742,0,4614423.0,1262545.0,0,0.9346343710658104,50.0,pass,pass,Sanger / Illumina 1.9,Conventional base calls,FASTQC_OUT,fail,pass,pass,fail,pass,pass,pass,pass,fail,50-57,warn,0.0,49.610561422517456,7157521.0,female,NA,0.5,(y_counts^2 / total_counts) > cutoff,2122484,69158,595,6,6,8.675785881604443e-05,0.010084033613445379
lib30480_CCGF9ANXX,0.0,UNPAIRED,60776630.0,794368.0,0.0,773193.0,8188591.0,54583860.0,Unknown Library,55.399516,0.892844,0.573024,0.641652,0.395837,0.0,0.0,0.345547,0.506754,0.046556,0.310338,0.641939,1.0,1.0,0.0,0.00118,0.639275,0.296392,0.479893,175885452.0,175885452.0,176618312.0,163597993.0,159914095.0,2962599.0,0.002266,0.0,0.000159,0.002447,0.0,3188084.0,3188084.0,0.0,0.0,0.0,0.0,207494.0,0.500544,3188084.0,0.0,6129674.0,2941590.0,52131024.0,24.4,63.5,5627326,146260,6592848.0,1015333,0,4184835.0,1019528.0,0,0.9297459914137259,49.0,pass,pass,Sanger / Illumina 1.9,Conventional base calls,FASTQC_OUT,fail,pass,pass,fail,pass,pass,pass,pass,warn,50-57,warn,0.0,54.661151553731976,6221451.0,female,NA,0.5,(y_counts^2 / total_counts) > cutoff,1801006,58043,571,7,7,0.00012060024464621057,0.012259194395796848
lib30481_CCGF9ANXX,0.0,UNPAIRED,61747839.0,806008.0,0.0,788217.0,8119436.0,57410397.0,Unknown Library,55.395092,0.890446,0.553579,0.63038,0.393524,0.0,0.0,0.342614,0.50558,0.045051,0.318547,0.635338,1.0,1.0,0.0,0.001073,0.632792,0.292724,0.448636,180225731.0,180225731.0,180950894.0,168171056.0,164305414.0,3045550.0,0.00227,0.0,0.000153,0.002446,0.0,3266551.0,3266551.0,0.0,0.0,0.0,0.0,193455.0,0.500147,3266551.0,0.0,5924493.0,2657942.0,52756437.0,18.5,62.2,3753138,144751,6362661.0,1067552,0,3957285.0,733641.0,0,0.9311344734537955,49.0,pass,pass,Sanger / Illumina 1.9,Conventional base calls,FASTQC_OUT,fail,pass,pass,fail,pass,pass,pass,pass,warn,50-57,warn,0.0,57.291184966067576,6008289.0,female,NA,0.5,(y_counts^2 / total_counts) > cutoff,1833247,58198,563,3,3,5.154816316711915e-05,0.0053285968028419185
lib30482_CCGF9ANXX,0.0,UNPAIRED,55687832.0,739504.0,0.0,723836.0,5516713.0,23107663.0,Unknown Library,55.365505,0.890294,0.549214,0.585294,0.42317,0.0,0.0,0.41258,0.505354,0.040872,0.1712,0.786438,1.0,1.0,0.0,0.001508,0.782329,0.373858,0.608532,134974510.0,134974510.0,135683413.0,123722296.0,121056466.0,2243478.0,0.002309,0.0,0.000176,0.002519,0.0,2450685.0,2450685.0,0.0,0.0,0.0,0.0,203520.0,0.499981,2450685.0,0.0,6260240.0,3809555.0,50461277.0,39.7,61.3,9755882,149267,6855822.0,432487,0,4199364.0,1669010.0,0,0.9131275578624999,51.0,pass,pass,Sanger / Illumina 1.9,Conventional base calls,FASTQC_OUT,fail,warn,pass,fail,pass,pass,pass,pass,fail,50-57,warn,0.0,42.9248749391626,6355115.0,female,NA,0.5,(y_counts^2 / total_counts) > cutoff,1661724,54004,539,11,6,0.0002036886156580994,0.011131725417439703
lib30483_CCGF9ANXX,0.0,UNPAIRED,71572933.0,914556.0,0.0,894264.0,7200900.0,39245118.0,Unknown Library,55.391594,0.889186,0.569238,0.642276,0.379663,0.0,0.0,0.403976,0.505609,0.040644,0.221509,0.736757,1.0,1.0,0.0,0.001102,0.733535,0.332781,0.529245,177171287.0,177171287.0,177949484.0,163917036.0,160329955.0,2969229.0,0.00224,0.0,0.000161,0.002439,0.0,3212572.0,3212572.0,0.0,0.0,0.0,0.0,195160.0,0.500148,3212572.0,0.0,6824304.0,3611732.0,58959267.0,28.0,61.3,6968572,178562,7354688.0,731434,0,4511540.0,1264009.0,0,0.9278849082381196,50.0,pass,pass,Sanger / Illumina 1.9,Conventional base calls,FASTQC_OUT,fail,pass,pass,fail,pass,pass,pass,pass,fail,50-57,warn,0.0,49.87721163865747,6921357.0,female,NA,0.5,(y_counts^2 / total_counts) > cutoff,2059233,67960,565,11,6,0.0001618599175985874,0.010619469026548672
lib30484_CCGF9ANXX,0.0,UNPAIRED,61556280.0,808172.0,0.0,787220.0,5842049.0,26938982.0,Unknown Library,55.283471,0.883512,0.554073,0.580981,0.407891,0.0,0.0,0.414719,0.506566,0.039359,0.181494,0.777869,1.0,1.0,0.0,0.001292,0.773982,0.36315,0.549224,148428843.0,148428843.0,149174265.0,136252467.0,132633404.0,2473906.0,0.002423,0.0,0.000164,0.00265,0.0,2698352.0,2698352.0,0.0,0.0,0.0,0.0,191833.0,0.499744,2698352.0,0.0,5986017.0,3287665.0,53901931.0,31.7,61.1,7071168,161825,6565449.0,503011,0,4014602.0,1273946.0,0,0.91174525915897,50.0,pass,pass,Sanger / Illumina 1.9,Conventional base calls,FASTQC_OUT,fail,warn,pass,fail,pass,pass,pass,pass,fail,50-57,warn,0.0,48.48218081343303,6081199.0,female,NA,0.5,(y_counts^2 / total_counts) > cutoff,1809070,59023,553,3,3,5.082764346102367e-05,0.0054249547920434
lib30485_CCGF9ANXX,0.0,UNPAIRED,83656718.0,984402.0,0.0,980486.0,6509753.0,33092622.0,Unknown Library,55.376983,0.811517,0.604716,0.695021,0.385499,0.0,0.0,0.461771,0.500996,0.035933,0.182666,0.780303,1.0,1.0,0.0,0.001111,0.776854,0.318532,0.586812,181164775.0,181164775.0,181968988.0,167569983.0,163908714.0,3036650.0,0.002301,0.0,0.00015,0.002522,0.0,3286004.0,3286004.0,0.0,0.0,0.0,0.0,201255.0,0.500276,3286004.0,0.0,7952808.0,4666804.0,57706688.0,29.3,56.8,7727575,199822,8530308.0,616536,0,4847594.0,1421692.0,0,0.93230021706133,52.0,pass,pass,Sanger / Illumina 1.9,Conventional base calls,FASTQC_OUT,fail,pass,pass,fail,pass,pass,pass,pass,fail,50-57,warn,0.0,44.722750954862306,8075407.0,male,NA,0.5,(y_counts^2 / total_counts) > cutoff,2220292,71345,566,1913,27,0.026813371644824443,0.04770318021201413
lib30486_CCGF9ANXX,0.0,UNPAIRED,72859542.0,952283.0,0.0,929974.0,8349468.0,54265721.0,Unknown Library,55.398072,0.890649,0.560506,0.616865,0.390767,0.0,0.0,0.367131,0.505926,0.042072,0.273439,0.683441,1.0,1.0,0.0,0.00106,0.680555,0.31631,0.505719,198456536.0,198456536.0,199298165.0,184606587.0,180433630.0,3343490.0,0.002245,0.0,0.000157,0.00242,0.0,3597565.0,3597565.0,0.0,0.0,0.0,0.0,210390.0,0.499975,3597565.0,0.0,7278381.0,3680816.0,62773760.0,24.9,61.4,6407090,178017,7832013.0,1009684,0,4807591.0,1195000.0,0,0.9293116597227303,49.0,pass,pass,Sanger / Illumina 1.9,Conventional base calls,FASTQC_OUT,fail,pass,pass,fail,pass,pass,pass,pass,warn,50-57,warn,0.0,51.91617026207952,7382762.0,female,NA,0.5,(y_counts^2 / total_counts) > cutoff,2155789,69426,596,4,4,5.761530262437704e-05,0.006711409395973154
lib30487_CCGF9ANXX,0.0,UNPAIRED,64433764.0,841636.0,0.0,819008.0,6367412.0,31603431.0,Unknown Library,55.370114,0.871587,0.552956,0.629818,0.398412,0.0,0.0,0.406883,0.506813,0.040209,0.199567,0.759043,1.0,1.0,0.0,0.001194,0.75541,0.352161,0.56692,158359626.0,158359626.0,159121304.0,145834138.0,142600996.0,2643498.0,0.002307,0.0,0.000162,0.002521,0.0,2873776.0,2873776.0,0.0,0.0,0.0,0.0,189080.0,0.500249,2873776.0,0.0,6635663.0,3761887.0,55768018.0,33.9,61.4,8464919,168160,7215823.0,588432,0,4432654.0,1501745.0,0,0.9195989147738242,51.0,pass,pass,Sanger / Illumina 1.9,Conventional base calls,FASTQC_OUT,fail,warn,pass,fail,pass,pass,pass,pass,fail,50-57,warn,0.0,46.61850456315811,6736967.0,female,NA,0.5,(y_counts^2 / total_counts) > cutoff,1886906,60500,541,10,6,0.00016528925619834712,0.011090573012939002
lib30488_CCGF9ANXX,0.0,UNPAIRED,68077783.0,871249.0,0.0,850655.0,6586484.0,38163434.0,Unknown Library,55.317159,0.884115,0.556123,0.628014,0.38722,0.0,0.0,0.403203,0.50598,0.03901,0.22603,0.733797,1.0,1.0,0.0,0.001176,0.730831,0.330595,0.491245,168842648.0,168842648.0,169527897.0,156541702.0,152312956.0,2838754.0,0.002275,0.0,0.00015,0.002456,0.0,3064653.0,3064653.0,0.0,0.0,0.0,0.0,198569.0,0.499623,3064653.0,0.0,6023826.0,2959173.0,55818476.0,24.3,62.6,5208868,164818,6457858.0,709709,0,4040765.0,980179.0,0,0.9327900985125408,50.0,pass,pass,Sanger / Illumina 1.9,Conventional base calls,FASTQC_OUT,fail,pass,pass,fail,pass,pass,pass,pass,warn,50-57,warn,0.0,53.43899085549874,6106523.0,female,NA,0.5,(y_counts^2 / total_counts) > cutoff,1964227,64979,564,8,7,0.00012311669924129333,0.012411347517730497
lib30489_CCGF9ANXX,0.0,UNPAIRED,79512438.0,996616.0,0.0,983522.0,10844523.0,67220747.0,Unknown Library,55.421939,0.857542,0.574416,0.661366,0.377655,0.0,0.0,0.361654,0.503306,0.049325,0.305747,0.643966,1.0,1.0,0.0,0.000972,0.641633,0.282312,0.480132,219857715.0,219857715.0,220657239.0,205459482.0,200745191.0,3717998.0,0.002212,0.0,0.000157,0.002423,0.0,3981406.0,3981406.0,0.0,0.0,0.0,0.0,213700.0,0.500234,3981406.0,0.0,7658497.0,3677091.0,62068436.0,19.0,61.2,4886803,173378,8089718.0,1268299,0,4949926.0,941034.0,0,0.9466951752829951,49.0,pass,pass,Sanger / Illumina 1.9,Conventional base calls,FASTQC_OUT,fail,pass,pass,fail,pass,pass,pass,pass,warn,50-57,warn,0.0,54.351824637554266,7754348.0,male,NA,0.5,(y_counts^2 / total_counts) > cutoff,2276321,72264,613,2378,28,0.03290711834385033,0.04567699836867863
lib30490_CCGF9ANXX,0.0,UNPAIRED,95998111.0,1183001.0,0.0,1169425.0,12084348.0,72967640.0,Unknown Library,55.010525,0.857132,0.584307,0.684776,0.356706,0.0,0.0,0.382662,0.502886,0.04817,0.290859,0.660121,1.0,1.0,0.0,0.00086,0.657867,0.277459,0.4948,250869201.0,250869201.0,251728714.0,235135872.0,229821695.0,4286239.0,0.002158,0.0,0.000145,0.002351,0.0,4576010.0,4576010.0,0.0,0.0,0.0,0.0,215868.0,0.499986,4576010.0,0.0,9057827.0,4481817.0,69605814.0,18.7,59.5,5594879,194744,9504700.0,1393292,0,5658216.0,1058301.0,0,0.9529839973907646,49.0,pass,pass,Sanger / Illumina 1.9,Conventional base calls,FASTQC_OUT,fail,pass,pass,fail,pass,pass,pass,pass,warn,50-57,warn,0.0,53.02215904323301,9162896.0,female,NA,0.5,(y_counts^2 / total_counts) > cutoff,2698203,86770,645,8,6,9.219776420421805e-05,0.009302325581395349
lib30491_CCGF9ANXX,0.0,UNPAIRED,87738717.0,1098474.0,0.0,1082837.0,13376466.0,64304267.0,Unknown Library,55.006314,0.862181,0.57137,0.660027,0.366603,0.0,0.0,0.377463,0.503584,0.057547,0.276645,0.664915,1.0,1.0,0.0,0.000904,0.662518,0.287453,0.488956,232443476.0,232443476.0,233284637.0,217077372.0,212191753.0,3957749.0,0.002236,0.0,0.000152,0.002497,0.0,4241052.0,4241052.0,0.0,0.0,0.0,0.0,210016.0,0.500007,4241052.0,0.0,8298800.0,4057748.0,66816478.0,19.2,59.9,5216485,188869,8782525.0,1266470,0,5259280.0,1009106.0,0,0.9449218761119382,49.0,pass,pass,Sanger / Illumina 1.9,Conventional base calls,FASTQC_OUT,fail,pass,pass,fail,pass,pass,pass,pass,warn,50-57,warn,0.0,53.55006110662832,8405296.0,female,NA,0.5,(y_counts^2 / total_counts) > cutoff,2502410,80304,618,2,2,2.4905359633393106e-05,0.003236245954692557
lib30492_CCGF9ANXX,0.0,UNPAIRED,71412978.0,908725.0,0.0,893231.0,10185572.0,58756580.0,Unknown Library,55.252192,0.863128,0.561233,0.660452,0.386258,0.0,0.0,0.361594,0.504299,0.051574,0.297509,0.649845,1.0,1.0,0.0,0.001083,0.647563,0.288251,0.420967,197495123.0,197495123.0,198190940.0,184331290.0,177852362.0,3345320.0,0.002388,0.0,0.000145,0.00261,0.0,3587024.0,3587024.0,0.0,0.0,0.0,0.0,213793.0,0.499796,3587024.0,0.0,6194851.0,2607827.0,56928166.0,16.5,64.8,3456424,155714,6555601.0,1120317,0,4246318.0,699036.0,0,0.944970720457209,48.0,pass,pass,Sanger / Illumina 1.9,Conventional base calls,FASTQC_OUT,warn,pass,pass,fail,pass,pass,pass,pass,warn,50-57,warn,0.0,59.680536657143016,6275637.0,male,NA,0.5,(y_counts^2 / total_counts) > cutoff,2069289,64686,625,1883,27,0.02910985375506292,0.0432
lib30493_CCGF9ANXX,0.0,UNPAIRED,109260509.0,1228595.0,0.0,1228155.0,10130808.0,52937174.0,Unknown Library,55.395465,0.839148,0.613593,0.748201,0.363396,0.0,0.0,0.458275,0.50009,0.042492,0.222036,0.734588,1.0,1.0,0.0,0.000893,0.732026,0.276313,0.566027,238416895.0,238416895.0,239251405.0,223030243.0,218043464.0,4037692.0,0.002155,0.0,0.000134,0.002338,0.0,4318971.0,4318971.0,0.0,0.0,0.0,0.0,212865.0,0.499826,4318971.0,0.0,9952162.0,5633191.0,65877764.0,22.1,54.8,6687410,227885,10425527.0,1005708,0,5713843.0,1263648.0,0,0.9545955806358758,52.0,pass,pass,Sanger / Illumina 1.9,Conventional base calls,FASTQC_OUT,fail,pass,pass,fail,pass,pass,pass,pass,fail,50-57,warn,0.0,46.03131385179826,10064012.0,male,NA,0.5,(y_counts^2 / total_counts) > cutoff,2804099,89241,618,2428,26,0.02720722537846954,0.042071197411003236
lib30494_CCGF9ANXX,0.0,UNPAIRED,79691129.0,985240.0,0.0,969689.0,7772686.0,50833550.0,Unknown Library,55.422858,0.866361,0.570277,0.679601,0.371798,0.0,0.0,0.402169,0.503977,0.039226,0.256536,0.703201,1.0,1.0,0.0,0.001048,0.700765,0.301032,0.474514,198153492.0,198153492.0,198842304.0,185687669.0,181368608.0,3359884.0,0.002122,0.0,0.000142,0.002278,0.0,3587731.0,3587731.0,0.0,0.0,0.0,0.0,207568.0,0.499892,3587731.0,0.0,6827447.0,3239716.0,59650513.0,16.7,60.3,3630055,167884,7180243.0,947874,0,4330380.0,722815.0,0,0.9508657297531574,49.0,pass,pass,Sanger / Illumina 1.9,Conventional base calls,FASTQC_OUT,fail,pass,pass,fail,pass,pass,pass,pass,warn,50-57,warn,0.0,54.96665578722052,6903392.0,male,NA,0.5,(y_counts^2 / total_counts) > cutoff,2244126,70480,594,1818,19,0.02579455164585698,0.03198653198653199
lib30495_CCGF9ANXX,0.0,UNPAIRED,78662339.0,985007.0,0.0,970463.0,9749433.0,65527886.0,Unknown Library,55.420214,0.840815,0.594948,0.669297,0.365923,0.0,0.0,0.366682,0.503719,0.045447,0.305457,0.648129,1.0,1.0,0.0,0.000977,0.645952,0.281446,0.477725,214524409.0,214524409.0,215247236.0,201425218.0,196726100.0,3644377.0,0.002153,0.0,0.000142,0.002322,0.0,3883912.0,3883912.0,0.0,0.0,0.0,0.0,209555.0,0.500233,3883912.0,0.0,7436530.0,3552618.0,60377077.0,18.0,60.6,4458528,162114,7798698.0,1229653,0,4728290.0,849735.0,0,0.9535604532961784,49.0,pass,pass,Sanger / Illumina 1.9,Conventional base calls,FASTQC_OUT,fail,pass,pass,fail,pass,pass,pass,pass,warn,50-57,warn,0.0,54.645661330354656,7522739.0,female,NA,0.5,(y_counts^2 / total_counts) > cutoff,2252610,70211,576,6,4,8.545669481990001e-05,0.006944444444444444
lib30496_CCGF9ANXX,0.0,UNPAIRED,85428201.0,1045169.0,0.0,1029975.0,8903724.0,56002780.0,Unknown Library,55.424962,0.861597,0.592856,0.67621,0.372398,0.0,0.0,0.400512,0.503661,0.041743,0.262557,0.694746,1.0,1.0,0.0,0.000962,0.692345,0.294234,0.490559,213297272.0,213297272.0,214036848.0,199619125.0,195082673.0,3611650.0,0.00208,0.0,0.000143,0.002226,0.0,3861741.0,3861741.0,0.0,0.0,0.0,0.0,205201.0,0.50002,3861741.0,0.0,7580357.0,3718616.0,62759229.0,20.3,61.1,5245097,180885,7967801.0,1047779,0,4866182.0,988501.0,0,0.9513737855651766,49.0,pass,pass,Sanger / Illumina 1.9,Conventional base calls,FASTQC_OUT,fail,pass,pass,fail,pass,pass,pass,pass,warn,50-57,warn,0.0,53.469027349910625,7673218.0,male,NA,0.5,(y_counts^2 / total_counts) > cutoff,2382986,75878,601,2422,26,0.03191966050765703,0.04326123128119801
lib30497_CCGF9ANXX,0.0,UNPAIRED,84905264.0,1063025.0,0.0,1053568.0,10868312.0,64700255.0,Unknown Library,55.004414,0.850562,0.588197,0.663632,0.369527,0.0,0.0,0.375982,0.502234,0.048128,0.286509,0.664408,1.0,1.0,0.0,0.000967,0.662005,0.288425,0.497524,225822443.0,225822443.0,226642001.0,211001673.0,206237146.0,3847197.0,0.002151,0.0,0.000154,0.002346,0.0,4120433.0,4120433.0,0.0,0.0,0.0,0.0,218363.0,0.500198,4120433.0,0.0,8200256.0,4079823.0,65132928.0,20.4,60.1,5596993,188292,8661873.0,1233256,0,5209352.0,1064908.0,0,0.9467070228344378,49.0,pass,pass,Sanger / Illumina 1.9,Conventional base calls,FASTQC_OUT,fail,pass,pass,fail,pass,pass,pass,pass,warn,50-57,warn,0.0,52.562979307669345,8301036.0,female,NA,0.5,(y_counts^2 / total_counts) > cutoff,2425649,79617,607,4,4,5.0240526520717935e-05,0.006589785831960461
lib30498_CCGF9ANXX,0.0,UNPAIRED,80798633.0,1000300.0,0.0,988074.0,14820550.0,50541998.0,Unknown Library,55.431657,0.867595,0.571915,0.668644,0.362249,0.0,0.0,0.389881,0.503074,0.071514,0.243882,0.68355,1.0,1.0,0.0,0.001067,0.680902,0.29367,0.538352,207239470.0,207239470.0,208045597.0,193108070.0,188831965.0,3494425.0,0.002331,0.0,0.000171,0.002654,0.0,3753191.0,3753191.0,0.0,0.0,0.0,0.0,221070.0,0.500213,3753191.0,0.0,8129978.0,4376787.0,60859969.0,21.8,57.1,5690776,168488,8566182.0,1047715,0,4892792.0,1068411.0,0,0.9490783642000602,49.0,pass,pass,Sanger / Illumina 1.9,Conventional base calls,FASTQC_OUT,fail,pass,pass,fail,pass,pass,pass,pass,fail,50-57,warn,0.0,49.38592716958384,8228933.0,female,NA,0.5,(y_counts^2 / total_counts) > cutoff,2278222,74397,636,9,8,0.00012097261986370418,0.012578616352201259
lib30499_CCGF9ANXX,0.0,UNPAIRED,77027961.0,961677.0,0.0,948015.0,15636831.0,61564337.0,Unknown Library,55.433732,0.855942,0.572469,0.651148,0.375086,0.0,0.0,0.360632,0.503577,0.073209,0.288234,0.637584,1.0,1.0,0.0,0.000984,0.635275,0.276952,0.496826,213591551.0,213591551.0,214367840.0,199551910.0,194993164.0,3610170.0,0.00234,0.0,0.000163,0.002661,0.0,3867101.0,3867101.0,0.0,0.0,0.0,0.0,210221.0,0.500025,3867101.0,0.0,7685408.0,3818307.0,59154548.0,18.7,59.7,4728239,157762,8088707.0,1250988,0,4828733.0,901527.0,0,0.9501404859886753,49.0,pass,pass,Sanger / Illumina 1.9,Conventional base calls,FASTQC_OUT,fail,pass,pass,fail,pass,pass,pass,pass,warn,50-57,warn,0.0,53.23629882904294,7785685.0,female,NA,0.5,(y_counts^2 / total_counts) > cutoff,2201420,71115,634,9,7,0.0001265555789917739,0.011041009463722398
lib30500_CCGF9ANXX,0.0,UNPAIRED,68399319.0,863225.0,0.0,846895.0,9989856.0,56539472.0,Unknown Library,55.398483,0.868685,0.567124,0.647291,0.383937,0.0,0.0,0.362274,0.504775,0.052911,0.299459,0.646575,1.0,1.0,0.0,0.001065,0.644334,0.284302,0.42689,188805682.0,188805682.0,189462480.0,176562538.0,172107756.0,3195956.0,0.002285,0.0,0.000154,0.002499,0.0,3419994.0,3419994.0,0.0,0.0,0.0,0.0,201125.0,0.49955,3419994.0,0.0,5967427.0,2547433.0,53677804.0,15.3,63.5,3023089,142254,6307132.0,1082221,0,4003089.0,614372.0,0,0.9461395448834747,48.0,pass,pass,Sanger / Illumina 1.9,Conventional base calls,FASTQC_OUT,fail,pass,pass,fail,pass,pass,pass,pass,warn,50-57,warn,0.0,59.4439205190465,6043085.0,female,NA,0.5,(y_counts^2 / total_counts) > cutoff,1971481,62541,624,10,10,0.00015989510880862155,0.016025641025641024
lib30501_CCGF9ANXX,0.0,UNPAIRED,92500836.0,1060594.0,0.0,1058271.0,11669557.0,57506771.0,Unknown Library,55.407388,0.833093,0.60621,0.725585,0.370882,0.0,0.0,0.420571,0.500548,0.053058,0.261465,0.684514,1.0,1.0,0.0,0.000974,0.682179,0.263943,0.495967,219940912.0,219940912.0,220693778.0,205856497.0,201140869.0,3725757.0,0.002253,0.0,0.00015,0.002496,0.0,3983111.0,3983111.0,0.0,0.0,0.0,0.0,214269.0,0.50051,3983111.0,0.0,7902474.0,3919363.0,58051868.0,16.6,58.1,3934909,182921,8261746.0,1117329,0,4796654.0,795359.0,0,0.9565137926050983,50.0,pass,pass,Sanger / Illumina 1.9,Conventional base calls,FASTQC_OUT,fail,pass,pass,fail,pass,pass,pass,pass,warn,50-57,warn,0.0,52.85308524392721,7992908.0,female,NA,0.5,(y_counts^2 / total_counts) > cutoff,2425507,78300,638,9,8,0.00011494252873563218,0.012539184952978056
lib30502_CCGF9ANXX,0.0,UNPAIRED,70551368.0,892458.0,0.0,874501.0,8767400.0,59756435.0,Unknown Library,55.433729,0.872098,0.568854,0.650391,0.384984,0.0,0.0,0.361963,0.505081,0.044981,0.306579,0.647403,1.0,1.0,0.0,0.001047,0.645216,0.28544,0.420203,194913385.0,194913385.0,195573966.0,182407402.0,178156077.0,3299542.0,0.002173,0.0,0.000153,0.002336,0.0,3528068.0,3528068.0,0.0,0.0,0.0,0.0,203998.0,0.499887,3528068.0,0.0,6085007.0,2556939.0,55636124.0,15.8,64.4,3221136,152853,6410418.0,1116026,0,4126789.0,651457.0,0,0.9492371636295792,48.0,pass,pass,Sanger / Illumina 1.9,Conventional base calls,FASTQC_OUT,warn,pass,pass,fail,pass,pass,pass,pass,warn,50-57,warn,0.0,60.17331429228206,6160848.0,female,NA,0.5,(y_counts^2 / total_counts) > cutoff,2030663,65459,607,5,5,7.638369055439282e-05,0.008237232289950576
lib30503_CCGF9ANXX,0.0,UNPAIRED,45690656.0,585483.0,0.0,573273.0,6179753.0,38784996.0,Unknown Library,55.112408,0.851663,0.505317,0.601954,0.430092,0.0,0.0,0.358309,0.505269,0.048462,0.304155,0.645824,1.0,1.0,0.0,0.001572,0.643632,0.287515,0.355198,127517357.0,127517357.0,127951721.0,118712756.0,112877893.0,2159652.0,0.002681,0.0,0.000143,0.002897,0.0,2321650.0,2321650.0,0.0,0.0,0.0,0.0,200425.0,0.500006,2321650.0,0.0,3600560.0,1278910.0,36663143.0,14.4,69.0,1810505,95167,3804354.0,733413,0,2626347.0,377820.0,0,0.9464313783627917,47.0,pass,pass,Sanger / Illumina 1.9,Conventional base calls,FASTQC_OUT,fail,pass,pass,fail,pass,pass,pass,pass,warn,50-57,warn,0.0,66.29586667485152,3648191.0,female,NA,0.5,(y_counts^2 / total_counts) > cutoff,1331072,43777,567,4,4,9.137218173926949e-05,0.007054673721340388
lib30504_CCGF9ANXX,0.0,UNPAIRED,57886495.0,728158.0,0.0,716112.0,7928172.0,41859063.0,Unknown Library,55.170828,0.860095,0.518441,0.605035,0.412747,0.0,0.0,0.378122,0.50417,0.051788,0.273428,0.673458,1.0,1.0,0.0,0.001336,0.671209,0.295337,0.381707,153089640.0,153089640.0,153602703.0,142492971.0,136351677.0,2589462.0,0.002517,0.0,0.000143,0.002753,0.0,2784129.0,2784129.0,0.0,0.0,0.0,0.0,204579.0,0.499896,2784129.0,0.0,4502925.0,1718796.0,45212979.0,15.6,68.1,2437694,123148,4743115.0,806412,0,3229331.0,503910.0,0,0.9493602832737558,48.0,pass,pass,Sanger / Illumina 1.9,Conventional base calls,FASTQC_OUT,fail,pass,pass,fail,pass,pass,pass,pass,warn,50-57,warn,0.0,63.30148536614546,4559948.0,male,NA,0.5,(y_counts^2 / total_counts) > cutoff,1659902,53291,594,1695,28,0.03180649640652268,0.04713804713804714
lib30505_CCGF9ANXX,0.0,UNPAIRED,62846516.0,801421.0,0.0,785455.0,9614365.0,54200798.0,Unknown Library,55.435125,0.86985,0.574641,0.648312,0.386203,0.0,0.0,0.353893,0.505031,0.054139,0.305209,0.639521,1.0,1.0,0.0,0.001142,0.637175,0.285628,0.426141,177586113.0,177586113.0,178240059.0,165876703.0,162057151.0,3001077.0,0.002276,0.0,0.000153,0.002524,0.0,3215291.0,3215291.0,0.0,0.0,0.0,0.0,202751.0,0.500086,3215291.0,0.0,5602929.0,2387638.0,50723558.0,15.4,63.4,2840472,136083,5926925.0,1037855,0,3759216.0,580798.0,0,0.9453348911956875,48.0,pass,pass,Sanger / Illumina 1.9,Conventional base calls,FASTQC_OUT,fail,pass,pass,fail,pass,pass,pass,pass,warn,50-57,warn,0.0,59.663030649256356,5675423.0,male,NA,0.5,(y_counts^2 / total_counts) > cutoff,1827139,56890,601,1805,30,0.03172789593953243,0.04991680532445923
lib30506_CCGF9ANXX,0.0,UNPAIRED,52475657.0,710473.0,0.0,691913.0,10180726.0,53915351.0,Unknown Library,55.347285,0.890471,0.532404,0.578447,0.418117,0.0,0.0,0.316959,0.506617,0.061493,0.325655,0.611605,1.0,1.0,0.0,0.001261,0.608954,0.294646,0.462376,165559842.0,165559842.0,166280513.0,153279652.0,149327576.0,2778570.0,0.002418,0.0,0.000168,0.002682,0.0,3004312.0,3004312.0,0.0,0.0,0.0,0.0,208829.0,0.500451,3004312.0,0.0,5588128.0,2583816.0,48781582.0,24.3,64.4,5168880,131123,6072535.0,1035995,0,3910332.0,949790.0,0,0.9202298545829707,48.0,pass,pass,Sanger / Illumina 1.9,Conventional base calls,FASTQC_OUT,fail,pass,pass,fail,pass,pass,pass,pass,warn,50-57,warn,0.0,56.32700238940696,5679095.0,female,NA,0.5,(y_counts^2 / total_counts) > cutoff,1611452,51138,572,8,7,0.0001564394383824162,0.012237762237762238
lib30507_CCGF9ANXX,0.0,UNPAIRED,72802143.0,932619.0,0.0,912984.0,9692686.0,64654470.0,Unknown Library,55.436418,0.854142,0.556219,0.654735,0.381225,0.0,0.0,0.352194,0.505319,0.04689,0.312778,0.639334,1.0,1.0,0.0,0.001009,0.637097,0.28714,0.459878,206710374.0,206710374.0,207435980.0,193213953.0,188877366.0,3495067.0,0.002151,0.0,0.000153,0.002318,0.0,3741872.0,3741872.0,0.0,0.0,0.0,0.0,208623.0,0.50043,3741872.0,0.0,6927827.0,3185955.0,59354767.0,19.3,63.0,4630795,163250,7317485.0,1209532,0,4612779.0,889472.0,0,0.9467497371022967,49.0,pass,pass,Sanger / Illumina 1.9,Conventional base calls,FASTQC_OUT,fail,pass,pass,fail,pass,pass,pass,pass,warn,50-57,warn,0.0,56.41130155360394,7015627.0,female,NA,0.5,(y_counts^2 / total_counts) > cutoff,2122285,69249,599,8,7,0.00011552513393695216,0.011686143572621035
lib30508_CCGF9ANXX,0.0,UNPAIRED,72905754.0,912434.0,0.0,895447.0,10713150.0,60285609.0,Unknown Library,55.368329,0.873896,0.572413,0.644188,0.381911,0.0,0.0,0.365522,0.504698,0.053712,0.302249,0.642985,1.0,1.0,0.0,0.001063,0.640794,0.277463,0.412909,199456472.0,199456472.0,200138626.0,186601963.0,181417492.0,3379286.0,0.00233,0.0,0.000151,0.002577,0.0,3614677.0,3614677.0,0.0,0.0,0.0,0.0,212012.0,0.500287,3614677.0,0.0,6156926.0,2542249.0,55341832.0,15.7,65.2,3306581,145322,6485091.0,1156658,0,4228517.0,664743.0,0,0.9493970092324071,48.0,pass,pass,Sanger / Illumina 1.9,Conventional base calls,FASTQC_OUT,fail,pass,pass,fail,pass,pass,pass,pass,warn,50-57,warn,0.0,60.73156026923493,6236502.0,female,NA,0.5,(y_counts^2 / total_counts) > cutoff,2077306,66542,609,5,3,7.514051275885907e-05,0.0049261083743842365
lib30509_CCGF9ANXX,0.0,UNPAIRED,86866402.0,1019081.0,0.0,1013031.0,10111139.0,54816786.0,Unknown Library,55.011842,0.860138,0.593974,0.707093,0.381788,0.0,0.0,0.416032,0.501489,0.048426,0.262536,0.688092,1.0,1.0,0.0,0.000955,0.685778,0.27206,0.469503,208797500.0,208797500.0,209501984.0,194901760.0,190465935.0,3552685.0,0.002176,0.0,0.000135,0.002437,0.0,3808307.0,3808307.0,0.0,0.0,0.0,0.0,199363.0,0.500218,3808307.0,0.0,7178754.0,3370447.0,56805463.0,17.2,61.1,3889545,180579,7535045.0,1050613,0,4607192.0,793187.0,0,0.9527154781424663,50.0,pass,pass,Sanger / Illumina 1.9,Conventional base calls,FASTQC_OUT,fail,pass,pass,fail,pass,pass,pass,pass,warn,50-57,warn,0.0,55.05615328984991,7264752.0,male,NA,0.5,(y_counts^2 / total_counts) > cutoff,2321493,71912,644,2267,33,0.03152464122816776,0.05124223602484472
lib30510_CCGF9ANXX,0.0,UNPAIRED,84056454.0,1022192.0,0.0,1009571.0,17199271.0,69583691.0,Unknown Library,55.436467,0.838663,0.569112,0.689856,0.375949,0.0,0.0,0.362237,0.503106,0.074119,0.299867,0.625119,1.0,1.0,0.0,0.000903,0.623038,0.262882,0.454467,232048235.0,232048235.0,232823406.0,217145284.0,212127723.0,3927576.0,0.002295,0.0,0.000152,0.002569,0.0,4199824.0,4199824.0,0.0,0.0,0.0,0.0,209541.0,0.500446,4199824.0,0.0,7698574.0,3498750.0,61001310.0,16.6,62.2,4177518,172869,8041225.0,1415797,0,5001064.0,831337.0,0,0.9573882088860839,49.0,pass,pass,Sanger / Illumina 1.9,Conventional base calls,FASTQC_OUT,fail,pass,pass,fail,pass,pass,pass,pass,warn,50-57,warn,0.0,56.792644542984206,7798692.0,female,NA,0.5,(y_counts^2 / total_counts) > cutoff,2338910,73930,715,4,4,5.410523468145543e-05,0.005594405594405594
lib30511_CCGF9ANXX,0.0,UNPAIRED,64892971.0,827429.0,0.0,810289.0,11309119.0,57325577.0,Unknown Library,54.991448,0.863273,0.555411,0.644309,0.38634,0.0,0.0,0.34942,0.505233,0.060895,0.308673,0.629353,1.0,1.0,0.0,0.00109,0.627062,0.279933,0.429669,185716081.0,185716081.0,186394614.0,173635269.0,169493451.0,3166758.0,0.002359,0.0,0.000171,0.002602,0.0,3389520.0,3389520.0,0.0,0.0,0.0,0.0,202452.0,0.500492,3389520.0,0.0,5943077.0,2553557.0,51987983.0,14.9,62.4,2843847,138246,6292521.0,1127533,0,3926378.0,586772.0,0,0.9444667725383833,48.0,pass,pass,Sanger / Illumina 1.9,Conventional base calls,FASTQC_OUT,fail,pass,pass,fail,pass,pass,pass,pass,warn,50-57,warn,0.0,59.47605899490539,6022975.0,female,NA,0.5,(y_counts^2 / total_counts) > cutoff,1900979,58986,617,6,2,0.00010171905197843556,0.0032414910858995136
lib30512_CCGF9ANXX,0.0,UNPAIRED,42838140.0,576246.0,0.0,562504.0,8710861.0,32449939.0,Unknown Library,55.377086,0.915293,0.520073,0.563923,0.42817,0.0,0.0,0.346935,0.506034,0.070547,0.262804,0.665072,1.0,1.0,0.0,0.001595,0.66192,0.318137,0.522777,123475889.0,123475889.0,124063999.0,113511700.0,110904551.0,2057068.0,0.002384,0.0,0.000169,0.002681,0.0,2240349.0,2240349.0,0.0,0.0,0.0,0.0,197003.0,0.499977,2240349.0,0.0,4694557.0,2454208.0,39282274.0,31.4,63.6,5818803,106479,5124917.0,651065,0,3261613.0,1024790.0,0,0.9160259571033053,50.0,pass,pass,Sanger / Illumina 1.9,Conventional base calls,FASTQC_OUT,fail,warn,pass,fail,pass,pass,pass,pass,warn,50-57,warn,0.0,50.74913417478001,4775411.0,male,NA,0.5,(y_counts^2 / total_counts) > cutoff,1299524,41568,523,1114,21,0.026799461123941493,0.040152963671128104
lib30513_CCGF9ANXX,0.0,UNPAIRED,55949065.0,752470.0,0.0,733560.0,11142187.0,36793676.0,Unknown Library,54.977147,0.881881,0.51951,0.597206,0.399694,0.0,0.0,0.361985,0.506363,0.072089,0.238051,0.688489,1.0,1.0,0.0,0.001389,0.685243,0.326504,0.575354,154561844.0,154561844.0,155294058.0,143132879.0,139951849.0,2613122.0,0.002446,0.0,0.000201,0.002768,0.0,2824702.0,2824702.0,0.0,0.0,0.0,0.0,214753.0,0.500336,2824702.0,0.0,6651892.0,3827190.0,50465026.0,27.9,55.7,6160681,132889,7167430.0,767695,0,3992777.0,1115734.0,0,0.9280721262712018,50.0,pass,pass,Sanger / Illumina 1.9,Conventional base calls,FASTQC_OUT,warn,pass,pass,fail,pass,pass,pass,pass,fail,50-57,warn,0.0,46.13698848081576,6746447.0,male,NA,0.5,(y_counts^2 / total_counts) > cutoff,1712538,53805,514,1188,22,0.022079732366880402,0.042801556420233464
lib30514_CCGF9ANXX,0.0,UNPAIRED,80616891.0,994236.0,0.0,975548.0,11962855.0,51345545.0,Unknown Library,55.42427,0.856474,0.572042,0.682407,0.367346,0.0,0.0,0.394126,0.504744,0.058485,0.251022,0.689482,1.0,1.0,0.0,0.001022,0.687004,0.295356,0.485752,204545729.0,204545729.0,205283681.0,191379544.0,186949480.0,3463040.0,0.002263,0.0,0.000153,0.002534,0.0,3703859.0,3703859.0,0.0,0.0,0.0,0.0,209045.0,0.500199,3703859.0,0.0,7202475.0,3498616.0,60413809.0,17.0,59.0,3812456,165147,7582967.0,1022249,0,4472971.0,760305.0,0,0.949822806824822,49.0,pass,pass,Sanger / Illumina 1.9,Conventional base calls,FASTQC_OUT,fail,pass,pass,fail,pass,pass,pass,pass,warn,50-57,warn,0.0,54.08972359064397,7291959.0,female,NA,0.5,(y_counts^2 / total_counts) > cutoff,2275644,71154,634,6,5,8.432414200185513e-05,0.007886435331230283
lib30515_CCGF9ANXX,0.0,UNPAIRED,79410528.0,994678.0,0.0,972032.0,9414024.0,43551386.0,Unknown Library,55.414312,0.873953,0.569328,0.629756,0.375862,0.0,0.0,0.409471,0.505757,0.048542,0.224567,0.725815,1.0,1.0,0.0,0.001086,0.723057,0.316344,0.484573,193934520.0,193934520.0,194674190.0,180933009.0,176691051.0,3275075.0,0.002236,0.0,0.000162,0.00244,0.0,3513067.0,3513067.0,0.0,0.0,0.0,0.0,210624.0,0.500207,3513067.0,0.0,6815832.0,3302765.0,61350087.0,18.6,59.9,4049417,171737,7225647.0,846526,0,4330184.0,805361.0,0,0.9432832796841584,49.0,pass,pass,Sanger / Illumina 1.9,Conventional base calls,FASTQC_OUT,warn,pass,pass,fail,pass,pass,pass,pass,warn,50-57,warn,0.0,54.19394576833678,6899040.0,male,NA,0.5,(y_counts^2 / total_counts) > cutoff,2256812,71431,604,2052,26,0.02872702328120844,0.04304635761589404
lib30516_CCGF9ANXX,0.0,UNPAIRED,61819482.0,779950.0,0.0,766330.0,9601758.0,50401105.0,Unknown Library,55.299354,0.88553,0.549732,0.620722,0.402117,0.0,0.0,0.36244,0.504404,0.056294,0.295496,0.647053,1.0,1.0,0.0,0.001167,0.644761,0.284613,0.385631,170564550.0,170564550.0,171170911.0,159400333.0,154228518.0,2890642.0,0.00241,0.0,0.000152,0.002633,0.0,3095351.0,3095351.0,0.0,0.0,0.0,0.0,199055.0,0.499862,3095351.0,0.0,5038262.0,1942911.0,48544883.0,13.6,65.9,2221476,128631,5325506.0,977782,0,3509332.0,478539.0,0,0.9460625901088084,48.0,pass,pass,Sanger / Illumina 1.9,Conventional base calls,FASTQC_OUT,fail,pass,pass,fail,pass,pass,pass,pass,warn,50-57,warn,0.0,62.99526160147665,5103018.0,female,NA,0.5,(y_counts^2 / total_counts) > cutoff,1784229,56446,613,3,2,5.3148141586649184e-05,0.0032626427406199023
lib30517_CCGF9ANXX,0.0,UNPAIRED,45510117.0,602262.0,0.0,594050.0,13315669.0,48144342.0,Unknown Library,55.37574,0.876258,0.536606,0.592875,0.441672,0.0,0.0,0.307156,0.503432,0.08987,0.324934,0.583842,1.0,1.0,0.0,0.001372,0.580894,0.276686,0.499551,148166349.0,148166349.0,148918046.0,135673958.0,132640447.0,2459181.0,0.002774,0.0,0.000158,0.003394,0.0,2689229.0,2689229.0,0.0,0.0,0.0,0.0,203324.0,0.500146,2689229.0,0.0,5373634.0,2684405.0,40995550.0,28.1,64.0,5938804,116913,5897070.0,977269,0,3776354.0,1060300.0,0,0.9112379537634792,50.0,pass,pass,Sanger / Illumina 1.9,Conventional base calls,FASTQC_OUT,fail,warn,pass,fail,pass,pass,pass,pass,warn,50-57,warn,0.0,53.1431594665213,5478818.0,male,NA,0.5,(y_counts^2 / total_counts) > cutoff,1364999,41531,546,1607,31,0.038693987623702776,0.056776556776556776
lib30518_CCGF9ANXX,0.0,UNPAIRED,55146565.0,711807.0,0.0,700853.0,15952502.0,47199183.0,Unknown Library,54.946051,0.879247,0.531077,0.614524,0.395664,0.0,0.0,0.337551,0.503877,0.097645,0.288905,0.612194,1.0,1.0,0.0,0.001268,0.609845,0.274644,0.457299,163372637.0,163372637.0,164002148.0,151512083.0,147473341.0,2765575.0,0.002532,0.0,0.000168,0.002984,0.0,2984785.0,2984785.0,0.0,0.0,0.0,0.0,207135.0,0.50016,2984785.0,0.0,5499866.0,2515081.0,44869259.0,18.9,61.7,3501501,119662,5879555.0,1025734,0,3627712.0,687391.0,0,0.9354221535473348,49.0,pass,pass,Sanger / Illumina 1.9,Conventional base calls,FASTQC_OUT,fail,pass,pass,fail,pass,pass,pass,pass,warn,50-57,warn,0.0,56.790719955850165,5589708.0,male,NA,0.5,(y_counts^2 / total_counts) > cutoff,1620179,50929,568,1328,26,0.026075516896071002,0.045774647887323945
lib30519_CCGF9ANXX,0.0,UNPAIRED,44476483.0,595454.0,0.0,581428.0,17930160.0,59096776.0,Unknown Library,55.381287,0.882693,0.534537,0.596113,0.428112,0.0,0.0,0.275311,0.505959,0.110988,0.365811,0.521986,1.0,1.0,0.0,0.001225,0.520168,0.246675,0.345337,161549927.0,161549927.0,162114707.0,150409932.0,146253610.0,2723230.0,0.002486,0.0,0.000159,0.002804,0.0,2927247.0,2927247.0,0.0,0.0,0.0,0.0,197861.0,0.500233,2927247.0,0.0,4471382.0,1544135.0,39850394.0,13.9,69.3,2195907,102141,4767609.0,1265530,0,3304751.0,458305.0,0,0.937866758788315,47.0,pass,pass,Sanger / Illumina 1.9,Conventional base calls,FASTQC_OUT,fail,pass,pass,fail,pass,pass,pass,pass,warn,50-57,warn,0.0,67.21619283627375,4544154.0,male,NA,0.5,(y_counts^2 / total_counts) > cutoff,1355559,41026,645,1373,38,0.033466582167406035,0.05891472868217054
lib30520_CCGF9ANXX,0.0,UNPAIRED,48491681.0,628213.0,0.0,609131.0,6449000.0,41890814.0,Unknown Library,55.27998,0.877343,0.522721,0.599954,0.421849,0.0,0.0,0.355106,0.507711,0.047226,0.306768,0.644636,1.0,1.0,0.0,0.001382,0.642309,0.28953,0.381118,136555491.0,136555491.0,137050182.0,127334025.0,123028917.0,2310016.0,0.002477,0.0,0.000144,0.00272,0.0,2479201.0,2479201.0,0.0,0.0,0.0,0.0,188682.0,0.499953,2479201.0,0.0,4005933.0,1526732.0,39536851.0,13.9,66.3,1858701,102588,4248127.0,789121,0,2815214.0,392693.0,0,0.942988050969286,48.0,pass,pass,Sanger / Illumina 1.9,Conventional base calls,FASTQC_OUT,warn,pass,pass,fail,pass,pass,pass,pass,warn,50-57,warn,0.0,63.91472540949036,4061977.0,male,NA,0.5,(y_counts^2 / total_counts) > cutoff,1418307,42909,551,1055,25,0.024586916497704444,0.045372050816696916
lib30521_CCGF9ANXX,0.0,UNPAIRED,69848061.0,903602.0,0.0,886447.0,11009907.0,68818581.0,Unknown Library,55.003461,0.870329,0.559224,0.636007,0.382717,0.0,0.0,0.337114,0.504792,0.053138,0.332145,0.613758,1.0,1.0,0.0,0.000968,0.611463,0.276644,0.438315,207194229.0,207194229.0,207971992.0,193610979.0,189147489.0,3530649.0,0.002318,0.0,0.000169,0.002526,0.0,3781071.0,3781071.0,0.0,0.0,0.0,0.0,200541.0,0.500288,3781071.0,0.0,6731663.0,2950592.0,57319096.0,17.1,63.5,3925548,154496,7126826.0,1313662,0,4524748.0,771747.0,0,0.9445527363794205,49.0,pass,pass,Sanger / Illumina 1.9,Conventional base calls,FASTQC_OUT,fail,pass,pass,fail,pass,pass,pass,pass,warn,50-57,warn,0.0,58.493757704435936,6823165.0,female,NA,0.5,(y_counts^2 / total_counts) > cutoff,2062491,66805,635,4,3,5.987575780255969e-05,0.004724409448818898
lib30522_CCGF9ANXX,0.0,UNPAIRED,80288420.0,1010021.0,0.0,991238.0,10672403.0,63799056.0,Unknown Library,55.427399,0.863155,0.571455,0.670174,0.370006,0.0,0.0,0.368414,0.504693,0.048972,0.29275,0.657341,1.0,1.0,0.0,0.000947,0.654862,0.288927,0.445644,217930087.0,217930087.0,218755206.0,203512613.0,198842116.0,3683003.0,0.002248,0.0,0.000168,0.002423,0.0,3946698.0,3946698.0,0.0,0.0,0.0,0.0,206467.0,0.500031,3946698.0,0.0,7119431.0,3172733.0,62965969.0,17.3,62.8,4084763,177215,7521729.0,1207233,0,4720386.0,815227.0,0,0.9465152227632769,48.0,pass,pass,Sanger / Illumina 1.9,Conventional base calls,FASTQC_OUT,fail,pass,pass,fail,pass,pass,pass,pass,warn,50-57,warn,0.0,57.89086121680908,7213741.0,female,NA,0.5,(y_counts^2 / total_counts) > cutoff,2298555,75351,655,9,7,0.00011944101604490982,0.010687022900763359
lib30523_CCGF9ANXX,0.0,UNPAIRED,58481711.0,776009.0,0.0,753266.0,10617382.0,63948980.0,Unknown Library,55.413778,0.898942,0.544061,0.596633,0.408446,0.0,0.0,0.316421,0.507436,0.057446,0.346002,0.595432,1.0,1.0,0.0,0.001133,0.59299,0.27901,0.413865,184822416.0,184822416.0,185583293.0,171942242.0,167991800.0,3113056.0,0.002348,0.0,0.000186,0.002545,0.0,3349046.0,3349046.0,0.0,0.0,0.0,0.0,209424.0,0.500312,3349046.0,0.0,5713777.0,2364731.0,51567394.0,17.8,65.1,3624863,139865,6144852.0,1213885,0,4001494.0,713406.0,0,0.929847781525088,48.0,pass,pass,Sanger / Illumina 1.9,Conventional base calls,FASTQC_OUT,fail,pass,pass,fail,pass,pass,pass,pass,warn,50-57,warn,0.0,61.087182054092146,5802903.0,female,NA,0.5,(y_counts^2 / total_counts) > cutoff,1759306,57287,625,4,3,6.982386928971669e-05,0.0048
lib30524_CCGF9ANXX,0.0,UNPAIRED,61334134.0,811464.0,0.0,792423.0,10623080.0,60290209.0,Unknown Library,54.961795,0.883775,0.558157,0.613108,0.405014,0.0,0.0,0.331616,0.505936,0.057436,0.325972,0.615473,1.0,1.0,0.0,0.001134,0.613036,0.283857,0.44095,184955424.0,184955424.0,185690513.0,172285095.0,168094155.0,3144426.0,0.002326,0.0,0.000171,0.002544,0.0,3378538.0,3378538.0,0.0,0.0,0.0,0.0,209730.0,0.499818,3378538.0,0.0,6043353.0,2664815.0,52500877.0,19.5,63.7,4205924,140890,6503235.0,1164174,0,4141526.0,806020.0,0,0.929284117827512,49.0,pass,pass,Sanger / Illumina 1.9,Conventional base calls,FASTQC_OUT,fail,pass,pass,fail,pass,pass,pass,pass,warn,50-57,warn,0.0,58.41271612503216,6131556.0,female,NA,0.5,(y_counts^2 / total_counts) > cutoff,1839362,60300,625,3,3,4.9751243781094526e-05,0.0048
lib30525_CCGF9ANXX,0.0,UNPAIRED,71692849.0,872987.0,0.0,864629.0,10246529.0,55732474.0,Unknown Library,55.417619,0.844471,0.576346,0.671799,0.393745,0.0,0.0,0.37644,0.502405,0.053802,0.292636,0.652463,1.0,1.0,0.0,0.00111,0.650132,0.276024,0.43896,190449739.0,190449739.0,191132764.0,177801316.0,173642880.0,3217784.0,0.002329,0.0,0.000157,0.002563,0.0,3448953.0,3448953.0,0.0,0.0,0.0,0.0,211387.0,0.499525,3448953.0,0.0,6147433.0,2698480.0,52568623.0,15.3,62.4,2968837,154354,6483513.0,1069975,0,4045781.0,619443.0,0,0.9481639043524707,49.0,pass,pass,Sanger / Illumina 1.9,Conventional base calls,FASTQC_OUT,fail,pass,pass,fail,pass,pass,pass,pass,warn,50-57,warn,0.0,58.124841171042306,6226538.0,male,NA,0.5,(y_counts^2 / total_counts) > cutoff,1993455,62433,607,1904,31,0.03049669245431102,0.051070840197693576
lib30526_CCGF9ANXX,0.0,UNPAIRED,81932482.0,1012143.0,0.0,1006125.0,10234656.0,70051320.0,Unknown Library,55.43469,0.866673,0.573555,0.679604,0.37811,0.0,0.0,0.364025,0.501491,0.045472,0.311237,0.642356,1.0,1.0,0.0,0.000945,0.640052,0.278331,0.454782,225073765.0,225073765.0,225883943.0,210515272.0,205778616.0,3808779.0,0.002241,0.0,0.000171,0.002418,0.0,4074776.0,4074776.0,0.0,0.0,0.0,0.0,212659.0,0.50035,4074776.0,0.0,7473664.0,3398888.0,62644986.0,18.2,62.9,4570880,179449,7857965.0,1307777,0,4942765.0,898351.0,0,0.9510940809738908,49.0,pass,pass,Sanger / Illumina 1.9,Conventional base calls,FASTQC_OUT,fail,pass,pass,fail,pass,pass,pass,pass,warn,50-57,warn,0.0,57.05222158982585,7568833.0,female,NA,0.5,(y_counts^2 / total_counts) > cutoff,2321553,75137,616,7,6,9.316315530297988e-05,0.00974025974025974
lib30527_CCGF9ANXX,0.0,UNPAIRED,69299425.0,876053.0,0.0,858952.0,7971943.0,53872188.0,Unknown Library,55.392334,0.877861,0.569738,0.653414,0.386106,0.0,0.0,0.37393,0.504928,0.043016,0.290687,0.665269,1.0,1.0,0.0,0.001039,0.662916,0.291338,0.390702,185327061.0,185327061.0,185984693.0,173874657.0,169377919.0,3148066.0,0.002192,0.0,0.00015,0.002348,0.0,3357589.0,3357589.0,0.0,0.0,0.0,0.0,192535.0,0.500225,3357589.0,0.0,5510587.0,2152998.0,53992884.0,12.9,64.9,2247042,144420,5814638.0,1010246,0,3775984.0,487209.0,0,0.947709384487908,48.0,pass,pass,Sanger / Illumina 1.9,Conventional base calls,FASTQC_OUT,fail,pass,pass,fail,pass,pass,pass,pass,warn,50-57,warn,0.0,62.48280402806311,5577896.0,male,NA,0.5,(y_counts^2 / total_counts) > cutoff,1993400,61254,579,1817,28,0.029663368922845854,0.04835924006908463
lib30528_CCGF9ANXX,0.0,UNPAIRED,76434217.0,984629.0,0.0,972199.0,10437628.0,64741327.0,Unknown Library,55.008852,0.848209,0.572143,0.672476,0.369631,0.0,0.0,0.356484,0.503176,0.04868,0.301949,0.648399,1.0,1.0,0.0,0.000981,0.645985,0.291916,0.464225,214411502.0,214411502.0,215212783.0,200479983.0,195974258.0,3655603.0,0.002232,0.0,0.000169,0.002403,0.0,3912330.0,3912330.0,0.0,0.0,0.0,0.0,210332.0,0.500502,3912330.0,0.0,7302184.0,3389854.0,62590085.0,17.3,61.1,4052670,171010,7719522.0,1230075,0,4713769.0,817432.0,0,0.9459373261712318,49.0,pass,pass,Sanger / Illumina 1.9,Conventional base calls,FASTQC_OUT,fail,pass,pass,fail,pass,pass,pass,pass,warn,50-57,warn,0.0,56.01849190773846,7394213.0,male,NA,0.5,(y_counts^2 / total_counts) > cutoff,2254518,71012,574,1890,25,0.026615219962823185,0.04355400696864112
lib30529_CCGF9ANXX,0.0,UNPAIRED,97463309.0,1202072.0,0.0,1189044.0,11002484.0,71342072.0,Unknown Library,55.399426,0.836516,0.584513,0.687679,0.358969,0.0,0.0,0.383988,0.502724,0.043348,0.281075,0.674753,1.0,1.0,0.0,0.000833,0.672301,0.290765,0.500983,253818479.0,253818479.0,254744344.0,237804910.0,232254340.0,4305280.0,0.002172,0.0,0.000147,0.002326,0.0,4598321.0,4598321.0,0.0,0.0,0.0,0.0,211395.0,0.500253,4598321.0,0.0,9214750.0,4616429.0,73801492.0,19.7,59.4,5900015,220555,9692178.0,1335575,0,5753653.0,1135035.0,0,0.9507408964218362,50.0,pass,pass,Sanger / Illumina 1.9,Conventional base calls,FASTQC_OUT,fail,pass,pass,fail,pass,pass,pass,pass,warn,50-57,warn,0.0,52.595370049260936,9328940.0,female,NA,0.5,(y_counts^2 / total_counts) > cutoff,2749150,89166,628,10,8,0.00011215037121772873,0.012738853503184714
lib30530_CCGF9ANXX,0.0,UNPAIRED,91058237.0,1129892.0,0.0,1116879.0,9018080.0,57484843.0,Unknown Library,54.982914,0.842989,0.587592,0.69033,0.365874,0.0,0.0,0.402807,0.502896,0.039893,0.254291,0.704902,1.0,1.0,0.0,0.000924,0.702417,0.302095,0.525678,226059482.0,226059482.0,226859117.0,211353491.0,206398693.0,3855014.0,0.002157,0.0,0.000143,0.002311,0.0,4125993.0,4125993.0,0.0,0.0,0.0,0.0,208866.0,0.500082,4125993.0,0.0,8698718.0,4572725.0,68291480.0,21.2,58.1,5904341,202288,9146108.0,1081903,0,5313265.0,1128234.0,0,0.9510841114056383,50.0,pass,pass,Sanger / Illumina 1.9,Conventional base calls,FASTQC_OUT,fail,pass,pass,fail,pass,pass,pass,pass,fail,50-57,warn,0.0,49.893266633518806,8798934.0,female,NA,0.5,(y_counts^2 / total_counts) > cutoff,2570823,81767,611,7,5,8.56091088091773e-05,0.008183306055646482
lib30531_CCGF9ANXX,0.0,UNPAIRED,99078553.0,1223290.0,0.0,1211655.0,10984549.0,78877089.0,Unknown Library,55.000031,0.827977,0.588566,0.717965,0.36377,0.0,0.0,0.377261,0.502389,0.041826,0.30034,0.657039,1.0,1.0,0.0,0.000802,0.654967,0.279778,0.484093,262625798.0,262625798.0,263456859.0,246276568.0,240618383.0,4489268.0,0.002149,0.0,0.000136,0.002301,0.0,4790122.0,4790122.0,0.0,0.0,0.0,0.0,210732.0,0.500272,4790122.0,0.0,9284849.0,4494727.0,73476915.0,17.1,59.6,4880423,212663,9710425.0,1475196,0,5785852.0,987608.0,0,0.9561732879868801,50.0,pass,pass,Sanger / Illumina 1.9,Conventional base calls,FASTQC_OUT,fail,pass,pass,fail,pass,pass,pass,pass,warn,50-57,warn,0.0,53.4804739480149,9392708.0,female,NA,0.5,(y_counts^2 / total_counts) > cutoff,2801409,88021,660,10,8,0.00011360925233751037,0.012121212121212121
lib30532_CCGF9ANXX,0.0,UNPAIRED,14635008.0,178822.0,0.0,177543.0,2074671.0,10585098.0,Unknown Library,55.381243,0.859686,0.582881,0.675192,0.566418,0.0,0.0,0.381128,0.501795,0.054029,0.27566,0.665905,1.0,1.0,0.0,0.004443,0.662992,0.284776,0.343299,38399157.0,38399157.0,38567885.0,34695983.0,33840291.0,628580.0,0.002326,0.0,0.00017,0.002511,0.0,696407.0,696407.0,0.0,0.0,0.0,0.0,170590.0,0.501547,696407.0,0.0,1060463.0,364056.0,10935176.0,21.6,72.6,974418,30941,1147189.0,193715,0,832363.0,179802.0,0,0.9244012974322453,49.0,pass,pass,Sanger / Illumina 1.9,Conventional base calls,FASTQC_OUT,warn,pass,pass,fail,pass,pass,pass,pass,warn,50-57,warn,0.0,67.32256241835212,1078539.0,female,NA,0.5,(y_counts^2 / total_counts) > cutoff,403924,12928,394,3,3,0.00023205445544554454,0.007614213197969543
lib30533_CCGF9ANXX,0.0,UNPAIRED,103105454.0,1262444.0,0.0,1242599.0,7146813.0,33240755.0,Unknown Library,55.403845,0.861218,0.580178,0.657096,0.35621,0.0,0.0,0.467889,0.503961,0.032432,0.150846,0.815785,1.0,1.0,0.0,0.000947,0.81252,0.347896,0.580437,220362876.0,220362876.0,221248386.0,205076657.0,200563950.0,3713374.0,0.002157,0.0,0.000149,0.002343,0.0,3993376.0,3993376.0,0.0,0.0,0.0,0.0,208660.0,0.499805,3993376.0,0.0,9517935.0,5524559.0,76663259.0,25.7,55.5,7592447,238823,10088367.0,622441,0,5596467.0,1435632.0,0,0.9434564583148095,50.0,pass,pass,Sanger / Illumina 1.9,Conventional base calls,FASTQC_OUT,fail,pass,pass,fail,pass,pass,pass,pass,fail,50-57,warn,0.0,45.06532513486026,9633084.0,male,NA,0.5,(y_counts^2 / total_counts) > cutoff,2852110,93099,581,2482,25,0.026659792264148916,0.043029259896729774
lib30534_CCGF9ANXX,0.0,UNPAIRED,65619047.0,871667.0,0.0,842447.0,7279472.0,31695067.0,Unknown Library,55.367353,0.881722,0.561258,0.619905,0.395042,0.0,0.0,0.4029,0.508523,0.044696,0.194607,0.759472,1.0,1.0,0.0,0.001241,0.755538,0.356572,0.602364,162866722.0,162866722.0,163714785.0,150103640.0,146828552.0,2721852.0,0.002389,0.0,0.000171,0.002628,0.0,2956883.0,2956883.0,0.0,0.0,0.0,0.0,202123.0,0.500408,2956883.0,0.0,7436148.0,4479265.0,58073658.0,35.4,58.1,9582931,168413,8139814.0,603405,0,4728617.0,1672605.0,0,0.9135525701201527,51.0,pass,pass,Sanger / Illumina 1.9,Conventional base calls,FASTQC_OUT,fail,warn,pass,fail,pass,pass,pass,pass,fail,50-57,warn,0.0,43.4567219570804,7549848.0,male,NA,0.5,(y_counts^2 / total_counts) > cutoff,1950034,61770,547,1643,20,0.026598672494738546,0.03656307129798903
lib30535_CCGF9ANXX,0.0,UNPAIRED,65699542.0,835583.0,0.0,814135.0,6700207.0,42570467.0,Unknown Library,55.139878,0.881107,0.543564,0.611392,0.405827,0.0,0.0,0.390886,0.506501,0.039864,0.253277,0.705661,1.0,1.0,0.0,0.00121,0.702893,0.314775,0.446301,168078683.0,168078683.0,168740599.0,155754849.0,149478858.0,2833331.0,0.002501,0.0,0.000147,0.002672,0.0,3060228.0,3060228.0,0.0,0.0,0.0,0.0,203344.0,0.499929,3060228.0,0.0,5526877.0,2466649.0,52906976.0,19.7,63.6,3770911,158686,5934197.0,789434,0,3775875.0,743227.0,0,0.9313605530790434,49.0,pass,pass,Sanger / Illumina 1.9,Conventional base calls,FASTQC_OUT,warn,pass,pass,fail,pass,pass,pass,pass,warn,50-57,warn,0.0,57.31527097225408,5608117.0,male,NA,0.5,(y_counts^2 / total_counts) > cutoff,1885211,61553,584,1706,27,0.027715952106314883,0.046232876712328765
lib30536_CCGF9ANXX,0.0,UNPAIRED,86860992.0,1081442.0,0.0,1056554.0,5990331.0,26136928.0,Unknown Library,55.382151,0.87533,0.578011,0.648302,0.361884,0.0,0.0,0.465722,0.50582,0.032118,0.140138,0.826663,1.0,1.0,0.0,0.001092,0.823204,0.360941,0.555916,186508157.0,186508157.0,187291802.0,173360601.0,169499315.0,3140739.0,0.002163,0.0,0.00015,0.002318,0.0,3381808.0,3381808.0,0.0,0.0,0.0,0.0,203588.0,0.499662,3381808.0,0.0,7615247.0,4233439.0,67318428.0,22.8,55.0,5285604,202680,8156440.0,490272,0,4488726.0,1022172.0,0,0.9336483809112799,50.0,pass,pass,Sanger / Illumina 1.9,Conventional base calls,FASTQC_OUT,fail,pass,pass,fail,pass,pass,pass,pass,fail,50-57,warn,0.0,47.59577172611634,7718877.0,male,NA,0.5,(y_counts^2 / total_counts) > cutoff,2447787,79553,555,1888,26,0.02373260593566553,0.04684684684684685
lib30537_CCGF9ANXX,0.0,UNPAIRED,75648144.0,942597.0,0.0,924780.0,6311048.0,35385106.0,Unknown Library,55.399533,0.871076,0.568649,0.642819,0.382299,0.0,0.0,0.429233,0.504771,0.035809,0.200778,0.76232,1.0,1.0,0.0,0.001104,0.759069,0.333087,0.540483,176240193.0,176240193.0,176995026.0,163479734.0,159784062.0,2961079.0,0.002288,0.0,0.000153,0.002509,0.0,3194883.0,3194883.0,0.0,0.0,0.0,0.0,194533.0,0.499881,3194883.0,0.0,6952693.0,3757810.0,58703307.0,24.3,58.2,5586164,179528,7413991.0,656442,0,4316459.0,1047143.0,0,0.9377800701403602,50.0,pass,pass,Sanger / Illumina 1.9,Conventional base calls,FASTQC_OUT,fail,pass,pass,fail,pass,pass,pass,pass,fail,50-57,warn,0.0,49.18983184283224,7045412.0,male,NA,0.5,(y_counts^2 / total_counts) > cutoff,2125109,68351,573,1442,26,0.021096984682009042,0.04537521815008726
lib30538_CCGF9ANXX,0.0,UNPAIRED,74168686.0,920502.0,0.0,902901.0,4965746.0,20521404.0,Unknown Library,55.369333,0.861799,0.589092,0.683012,0.374547,0.0,0.0,0.471376,0.504826,0.03156,0.130423,0.836796,1.0,1.0,0.0,0.001234,0.833177,0.36542,0.567121,157344926.0,157344926.0,158028451.0,145622884.0,142358524.0,2639053.0,0.002182,0.0,0.000157,0.002357,0.0,2854079.0,2854079.0,0.0,0.0,0.0,0.0,194205.0,0.499949,2854079.0,0.0,6593242.0,3739163.0,57496958.0,28.7,58.2,6427707,180278,7050230.0,382382,0,4104659.0,1179328.0,0,0.935181121750638,51.0,pass,pass,Sanger / Illumina 1.9,Conventional base calls,FASTQC_OUT,fail,pass,pass,fail,pass,pass,pass,pass,fail,50-57,warn,0.0,46.534872961060486,6671521.0,male,NA,0.5,(y_counts^2 / total_counts) > cutoff,2076393,66557,541,1728,22,0.02596270865573869,0.04066543438077634
lib30539_CCGF9ANXX,0.0,UNPAIRED,79279289.0,983631.0,0.0,973326.0,9205700.0,66871389.0,Unknown Library,55.006901,0.849743,0.571109,0.67245,0.368468,0.0,0.0,0.369279,0.502633,0.04288,0.311483,0.644656,1.0,1.0,0.0,0.000991,0.642586,0.275377,0.439592,214686783.0,214686783.0,215378366.0,201120537.0,196456886.0,3665837.0,0.002124,0.0,0.000138,0.002258,0.0,3915479.0,3915479.0,0.0,0.0,0.0,0.0,212840.0,0.499787,3915479.0,0.0,6986831.0,3071352.0,59119885.0,16.4,63.3,3869807,168447,7359918.0,1250292,0,4660489.0,764957.0,0,0.949308266749711,49.0,pass,pass,Sanger / Illumina 1.9,Conventional base calls,FASTQC_OUT,fail,pass,pass,fail,pass,pass,pass,pass,warn,50-57,warn,0.0,58.04063543536768,7071904.0,male,NA,0.5,(y_counts^2 / total_counts) > cutoff,2247098,70988,623,2313,27,0.0325829717698766,0.04333868378812199
lib30540_CCGF9ANXX,0.0,UNPAIRED,71018787.0,912456.0,0.0,894914.0,8081674.0,50292264.0,Unknown Library,55.38898,0.85666,0.566466,0.645304,0.387477,0.0,0.0,0.376006,0.504853,0.042788,0.26627,0.689894,1.0,1.0,0.0,0.00106,0.687068,0.313888,0.50595,188876842.0,188876842.0,189653475.0,175200276.0,171222407.0,3173319.0,0.002242,0.0,0.000154,0.002431,0.0,3424029.0,3424029.0,0.0,0.0,0.0,0.0,200119.0,0.500247,3424029.0,0.0,6930533.0,3506504.0,59286136.0,26.0,62.7,6597547,173772,7426041.0,933559,0,4652977.0,1209934.0,0,0.9332742709069342,50.0,pass,pass,Sanger / Illumina 1.9,Conventional base calls,FASTQC_OUT,fail,pass,pass,fail,pass,pass,pass,pass,warn,50-57,warn,0.0,52.19871951432583,7028628.0,female,NA,0.5,(y_counts^2 / total_counts) > cutoff,2065988,67098,582,4,3,5.961429550806283e-05,0.005154639175257732
lib30541_CCGF9ANXX,0.0,UNPAIRED,77607851.0,986992.0,0.0,965452.0,7510842.0,44854171.0,Unknown Library,55.394721,0.87821,0.569797,0.635589,0.38031,0.0,0.0,0.401327,0.505516,0.03884,0.231951,0.728169,1.0,1.0,0.0,0.001051,0.725184,0.326842,0.518691,193377956.0,193377956.0,194174063.0,179680237.0,175666244.0,3254146.0,0.002211,0.0,0.000152,0.002392,0.0,3505281.0,3505281.0,0.0,0.0,0.0,0.0,203254.0,0.499822,3505281.0,0.0,7282802.0,3777521.0,63204063.0,25.6,61.2,6624322,184628,7809436.0,833238,0,4776308.0,1223528.0,0,0.9325644002972814,50.0,pass,pass,Sanger / Illumina 1.9,Conventional base calls,FASTQC_OUT,fail,pass,pass,fail,pass,pass,pass,pass,warn,50-57,warn,0.0,50.887121640522835,7380258.0,female,NA,0.5,(y_counts^2 / total_counts) > cutoff,2236280,74102,594,10,6,0.00013494912418018408,0.010101010101010102
lib30542_CCGF9ANXX,0.0,UNPAIRED,69702458.0,906282.0,0.0,884430.0,8108116.0,53245084.0,Unknown Library,55.392654,0.85649,0.577838,0.644295,0.384305,0.0,0.0,0.365487,0.506101,0.042515,0.279192,0.677244,1.0,1.0,0.0,0.00106,0.674423,0.311757,0.505718,190711133.0,190711133.0,191508801.0,177188867.0,173197390.0,3209189.0,0.002268,0.0,0.000159,0.002455,0.0,3457296.0,3457296.0,0.0,0.0,0.0,0.0,202156.0,0.500054,3457296.0,0.0,6994575.0,3537279.0,59455564.0,25.9,62.2,6653334,171038,7529688.0,984946,0,4681187.0,1213469.0,0,0.9289329119612925,50.0,pass,pass,Sanger / Illumina 1.9,Conventional base calls,FASTQC_OUT,fail,pass,pass,fail,pass,pass,pass,pass,warn,50-57,warn,0.0,52.16241669276898,7096230.0,female,NA,0.5,(y_counts^2 / total_counts) > cutoff,2053205,66910,579,6,5,8.967269466447467e-05,0.008635578583765112
lib30543_CCGF9ANXX,0.0,UNPAIRED,90505220.0,1106037.0,0.0,1085990.0,6443098.0,36658877.0,Unknown Library,55.401345,0.858473,0.583649,0.674083,0.361891,0.0,0.0,0.452195,0.504573,0.032192,0.18316,0.783637,1.0,1.0,0.0,0.001022,0.780803,0.331443,0.533851,200146639.0,200146639.0,200873256.0,186878507.0,182568511.0,3382916.0,0.002153,0.0,0.000141,0.002329,0.0,3625783.0,3625783.0,0.0,0.0,0.0,0.0,204516.0,0.500249,3625783.0,0.0,7778170.0,4152387.0,66337135.0,20.9,56.8,5047096,193327,8208630.0,680577,0,4662003.0,976436.0,0,0.9475600678797802,50.0,pass,pass,Sanger / Illumina 1.9,Conventional base calls,FASTQC_OUT,fail,pass,pass,fail,pass,pass,pass,pass,fail,50-57,warn,0.0,49.31251759175964,7864545.0,female,NA,0.5,(y_counts^2 / total_counts) > cutoff,2509012,80457,593,7,5,8.700299538884125e-05,0.008431703204047217
lib30544_CCGF9ANXX,0.0,UNPAIRED,82305514.0,1028389.0,0.0,1010244.0,7906388.0,52216388.0,Unknown Library,55.405529,0.869496,0.571355,0.630595,0.370924,0.0,0.0,0.398397,0.50445,0.038271,0.252752,0.708039,1.0,1.0,0.0,0.000947,0.705417,0.309642,0.472617,206591772.0,206591772.0,207359902.0,192791970.0,188358201.0,3490046.0,0.002175,0.0,0.000148,0.002344,0.0,3742585.0,3742585.0,0.0,0.0,0.0,0.0,195737.0,0.499877,3742585.0,0.0,7096526.0,3353941.0,63969583.0,18.0,60.3,4037075,190125,7563585.0,967327,0,4564325.0,822367.0,0,0.9382489917149077,49.0,pass,pass,Sanger / Illumina 1.9,Conventional base calls,FASTQC_OUT,fail,pass,pass,fail,pass,pass,pass,pass,warn,50-57,warn,0.0,55.00850555615098,7186788.0,male,NA,0.5,(y_counts^2 / total_counts) > cutoff,2332594,73397,597,2083,22,0.02837990653568947,0.03685092127303183
lib30545_CCGF9ANXX,0.0,UNPAIRED,76620818.0,962478.0,0.0,949643.0,6116101.0,31642719.0,Unknown Library,54.989945,0.859673,0.567246,0.6554,0.375355,0.0,0.0,0.439484,0.503356,0.035081,0.181497,0.782291,1.0,1.0,0.0,0.001144,0.779118,0.342807,0.542694,174342822.0,174342822.0,175052790.0,161775916.0,158114169.0,2951467.0,0.002235,0.0,0.000154,0.002432,0.0,3183360.0,3183360.0,0.0,0.0,0.0,0.0,199370.0,0.500208,3183360.0,0.0,6961111.0,3777751.0,59765947.0,24.6,58.2,5622609,180857,7425071.0,594412,0,4318544.0,1062982.0,0,0.9375144022191841,51.0,pass,pass,Sanger / Illumina 1.9,Conventional base calls,FASTQC_OUT,warn,pass,pass,fail,pass,pass,pass,pass,fail,50-57,warn,0.0,48.46894859310903,7048026.0,male,NA,0.5,(y_counts^2 / total_counts) > cutoff,2176198,70307,550,1833,22,0.026071372694041844,0.04
lib30546_CCGF9ANXX,0.0,UNPAIRED,72160635.0,916128.0,0.0,898601.0,7581452.0,44371145.0,Unknown Library,55.313364,0.860068,0.550918,0.638457,0.391191,0.0,0.0,0.394631,0.504829,0.041461,0.242656,0.714751,1.0,1.0,0.0,0.001142,0.712055,0.32012,0.481753,182855833.0,182855833.0,183548105.0,169582408.0,164742531.0,3074927.0,0.002324,0.0,0.00015,0.002511,0.0,3318332.0,3318332.0,0.0,0.0,0.0,0.0,208866.0,0.500271,3318332.0,0.0,6402987.0,3084655.0,58535754.0,23.4,63.5,5273327,173322,6809201.0,827855,0,4325953.0,1011187.0,0,0.9403433677460836,49.0,pass,pass,Sanger / Illumina 1.9,Conventional base calls,FASTQC_OUT,fail,pass,pass,fail,pass,pass,pass,pass,warn,50-57,warn,0.0,53.94783354193991,6490310.0,female,NA,0.5,(y_counts^2 / total_counts) > cutoff,2073750,66915,587,7,6,0.0001046103265336621,0.010221465076660987
lib30547_CCGF9ANXX,0.0,UNPAIRED,89883439.0,1090548.0,0.0,1077948.0,6289131.0,32389693.0,Unknown Library,54.987606,0.840652,0.578809,0.681004,0.371168,0.0,0.0,0.465158,0.502905,0.032547,0.167621,0.798836,1.0,1.0,0.0,0.001006,0.795932,0.333678,0.553944,193232141.0,193232141.0,193937053.0,179629319.0,175521034.0,3276270.0,0.002126,0.0,0.00014,0.002308,0.0,3526923.0,3526923.0,0.0,0.0,0.0,0.0,194309.0,0.500249,3526923.0,0.0,7906898.0,4379975.0,64477266.0,25.4,58.1,6543382,205542,8336996.0,606022,0,4844104.0,1228790.0,0,0.9484109144348876,51.0,pass,pass,Sanger / Illumina 1.9,Conventional base calls,FASTQC_OUT,fail,pass,pass,fail,pass,pass,pass,pass,fail,50-57,warn,0.0,47.32805474023896,7995600.0,male,NA,0.5,(y_counts^2 / total_counts) > cutoff,2464706,79778,593,1897,28,0.023778485296698338,0.047217537942664416
lib30548_CCGF9ANXX,0.0,UNPAIRED,62107435.0,758081.0,0.0,741819.0,4622977.0,25043029.0,Unknown Library,55.190137,0.86277,0.530011,0.612051,0.409597,0.0,0.0,0.453587,0.505421,0.033763,0.182896,0.782024,1.0,1.0,0.0,0.001328,0.77915,0.328436,0.452237,136924956.0,136924956.0,137429954.0,126535749.0,121821974.0,2299326.0,0.002519,0.0,0.000135,0.002788,0.0,2490118.0,2490118.0,0.0,0.0,0.0,0.0,181797.0,0.499849,2490118.0,0.0,4545981.0,2055863.0,44971113.0,18.3,63.0,2723791,138653,4819641.0,466158,0,3037572.0,556547.0,0,0.943219837328133,50.0,pass,pass,Sanger / Illumina 1.9,Conventional base calls,FASTQC_OUT,warn,pass,pass,fail,pass,pass,pass,pass,warn,50-57,warn,0.0,57.601420340555954,4616254.0,male,NA,0.5,(y_counts^2 / total_counts) > cutoff,1694515,53594,545,1215,19,0.022670448184498263,0.03486238532110092
lib30549_CCGF9ANXX,0.0,UNPAIRED,84217603.0,1057057.0,0.0,1034401.0,7742288.0,43835343.0,Unknown Library,55.412607,0.860083,0.583093,0.658007,0.376425,0.0,0.0,0.4172,0.505416,0.038354,0.217153,0.743522,1.0,1.0,0.0,0.000981,0.74062,0.326322,0.518542,201863984.0,201863984.0,202655097.0,187899946.0,183714337.0,3401462.0,0.00218,0.0,0.00015,0.002366,0.0,3657202.0,3657202.0,0.0,0.0,0.0,0.0,198040.0,0.500245,3657202.0,0.0,7596098.0,3938896.0,65872724.0,23.0,59.4,5760554,195604,8076538.0,818927,0,4795902.0,1101679.0,0,0.9405141163206314,50.0,pass,pass,Sanger / Illumina 1.9,Conventional base calls,FASTQC_OUT,fail,pass,pass,fail,pass,pass,pass,pass,warn,50-57,warn,0.0,50.736214729505654,7692154.0,male,NA,0.5,(y_counts^2 / total_counts) > cutoff,2386931,74918,584,2100,29,0.028030646840545664,0.04965753424657534
lib30550_CCGF9ANXX,0.0,UNPAIRED,80127731.0,994480.0,0.0,970515.0,7581039.0,45351998.0,Unknown Library,55.390708,0.863738,0.579591,0.642612,0.379084,0.0,0.0,0.412578,0.506098,0.039035,0.233518,0.726409,1.0,1.0,0.0,0.00105,0.723718,0.313831,0.473047,194212389.0,194212389.0,194934524.0,180471446.0,176052527.0,3267622.0,0.002166,0.0,0.000147,0.002341,0.0,3519264.0,3519264.0,0.0,0.0,0.0,0.0,203898.0,0.500222,3519264.0,0.0,6678519.0,3159255.0,60949847.0,21.6,63.6,5033798,182597,7085923.0,842965,0,4507755.0,974073.0,0,0.9425051612895031,49.0,pass,pass,Sanger / Illumina 1.9,Conventional base calls,FASTQC_OUT,fail,pass,pass,fail,pass,pass,pass,pass,warn,50-57,warn,0.0,55.0168495376591,6764526.0,male,NA,0.5,(y_counts^2 / total_counts) > cutoff,2242060,72142,603,2237,25,0.031008289207396525,0.04145936981757877
lib30551_CCGF9ANXX,0.0,UNPAIRED,82459000.0,1014175.0,0.0,994123.0,6767099.0,37071256.0,Unknown Library,55.339964,0.845981,0.579461,0.648803,0.376952,0.0,0.0,0.438762,0.504992,0.036008,0.197255,0.765671,1.0,1.0,0.0,0.001076,0.762938,0.326909,0.480594,187935528.0,187935528.0,188608947.0,174562133.0,169771957.0,3163208.0,0.002228,0.0,0.000139,0.002422,0.0,3408187.0,3408187.0,0.0,0.0,0.0,0.0,202250.0,0.499963,3408187.0,0.0,6561703.0,3153516.0,61437850.0,20.6,62.1,4436867,187069,6962579.0,691347,0,4326022.0,890247.0,0,0.9424242080413019,50.0,pass,pass,Sanger / Illumina 1.9,Conventional base calls,FASTQC_OUT,fail,pass,pass,fail,pass,pass,pass,pass,warn,50-57,warn,0.0,54.4134131117045,6645166.0,male,NA,0.5,(y_counts^2 / total_counts) > cutoff,2284792,72467,602,2066,26,0.028509528475030015,0.04318936877076412
lib30552_CCGF9ANXX,0.0,UNPAIRED,74986187.0,931060.0,0.0,914554.0,6285150.0,31851343.0,Unknown Library,55.258403,0.849674,0.583661,0.682987,0.381867,0.0,0.0,0.438398,0.504472,0.036745,0.186215,0.77591,1.0,1.0,0.0,0.001141,0.772686,0.337512,0.51295,171045906.0,171045906.0,171759473.0,158231086.0,153438600.0,2872696.0,0.002349,0.0,0.000147,0.002541,0.0,3108296.0,3108296.0,0.0,0.0,0.0,0.0,195131.0,0.500089,3108296.0,0.0,6381881.0,3273585.0,57730011.0,25.7,61.4,5766058,182647,6849929.0,592598,0,4204834.0,1080023.0,0,0.9316711165911354,51.0,pass,pass,Sanger / Illumina 1.9,Conventional base calls,FASTQC_OUT,fail,pass,pass,fail,pass,pass,pass,pass,warn,50-57,warn,0.0,51.37996802162045,6467563.0,male,NA,0.5,(y_counts^2 / total_counts) > cutoff,2097451,67869,573,1793,27,0.026418541602204245,0.04712041884816754
lib30553_CCGF9ANXX,0.0,UNPAIRED,73196591.0,954387.0,0.0,927252.0,7844413.0,45954096.0,Unknown Library,55.375852,0.866557,0.578666,0.638155,0.387344,0.0,0.0,0.385925,0.50721,0.041359,0.24229,0.715293,1.0,1.0,0.0,0.00107,0.712159,0.329368,0.532569,189665322.0,189665322.0,190499907.0,175919840.0,171843018.0,3187677.0,0.002246,0.0,0.000159,0.002439,0.0,3440126.0,3440126.0,0.0,0.0,0.0,0.0,202902.0,0.500229,3440126.0,0.0,7359643.0,3919517.0,62469683.0,26.1,59.8,6635559,183480,7930020.0,857324,0,4741803.0,1237284.0,0,0.928073699688021,50.0,pass,pass,Sanger / Illumina 1.9,Conventional base calls,FASTQC_OUT,fail,pass,pass,fail,pass,pass,pass,pass,fail,50-57,warn,0.0,49.62170271814375,7463529.0,male,NA,0.5,(y_counts^2 / total_counts) > cutoff,2146873,67944,566,2079,29,0.0305987283645355,0.05123674911660778
lib30554_CCGF9ANXX,0.0,UNPAIRED,69775363.0,903486.0,0.0,881080.0,5836727.0,29422331.0,Unknown Library,55.369166,0.878326,0.557321,0.634213,0.383092,0.0,0.0,0.425532,0.506278,0.035596,0.179435,0.78374,1.0,1.0,0.0,0.001244,0.780336,0.358208,0.553068,163972227.0,163972227.0,164687446.0,152120507.0,148627640.0,2756713.0,0.002201,0.0,0.000156,0.002375,0.0,2974353.0,2974353.0,0.0,0.0,0.0,0.0,203984.0,0.49989,2974353.0,0.0,6655043.0,3680690.0,58736215.0,27.6,58.4,6259086,169352,7147535.0,547924,0,4171445.0,1150363.0,0,0.9310962450691043,50.0,pass,pass,Sanger / Illumina 1.9,Conventional base calls,FASTQC_OUT,fail,pass,pass,fail,pass,pass,pass,pass,fail,50-57,warn,0.0,47.64290343813382,6741858.0,female,NA,0.5,(y_counts^2 / total_counts) > cutoff,2039437,66201,564,7,7,0.000105738584009305,0.012411347517730497
lib30555_CCGF9ANXX,0.0,UNPAIRED,73048749.0,924847.0,0.0,900127.0,5231982.0,22894195.0,Unknown Library,55.373789,0.882415,0.552636,0.638756,0.382308,0.0,0.0,0.45754,0.506773,0.03277,0.143398,0.822677,1.0,1.0,0.0,0.001165,0.819249,0.365137,0.538561,159655346.0,159655346.0,160323455.0,147737471.0,144330480.0,2676707.0,0.002189,0.0,0.000151,0.002373,0.0,2895295.0,2895295.0,0.0,0.0,0.0,0.0,186072.0,0.499817,2895295.0,0.0,6274497.0,3379202.0,58296006.0,27.3,60.3,5908495,175374,6725650.0,427280,0,4056114.0,1106881.0,0,0.9329205355616186,50.0,pass,pass,Sanger / Illumina 1.9,Conventional base calls,FASTQC_OUT,fail,pass,pass,fail,pass,pass,pass,pass,fail,50-57,warn,0.0,49.13399871730052,6353931.0,female,NA,0.5,(y_counts^2 / total_counts) > cutoff,2074053,68447,563,10,5,0.00014609844112963314,0.008880994671403197
lib30556_CCGF9ANXX,0.0,UNPAIRED,95893638.0,1148150.0,0.0,1131667.0,7149803.0,42974202.0,Unknown Library,55.400449,0.847868,0.583611,0.670986,0.354921,0.0,0.0,0.451084,0.503615,0.033633,0.202151,0.763262,1.0,1.0,0.0,0.000965,0.760615,0.312179,0.489101,212585072.0,212585072.0,213324912.0,198572636.0,193905123.0,3594373.0,0.002091,0.0,0.000133,0.002259,0.0,3850599.0,3850599.0,0.0,0.0,0.0,0.0,205063.0,0.500221,3850599.0,0.0,7536911.0,3686312.0,66364502.0,18.4,60.1,4382338,202778,7916704.0,797992,0,4755891.0,875409.0,0,0.9520263736019434,50.0,pass,pass,Sanger / Illumina 1.9,Conventional base calls,FASTQC_OUT,fail,pass,pass,fail,pass,pass,pass,pass,warn,50-57,warn,0.0,53.53247317590949,7622621.0,male,NA,0.5,(y_counts^2 / total_counts) > cutoff,2593603,83198,590,2267,24,0.027248251159883653,0.04067796610169491
lib30557_CCGF9ANXX,0.0,UNPAIRED,68081193.0,887424.0,0.0,859721.0,8040903.0,47542717.0,Unknown Library,55.380155,0.880282,0.544922,0.619579,0.383656,0.0,0.0,0.375157,0.507928,0.044309,0.261981,0.692595,1.0,1.0,0.0,0.001128,0.689654,0.317438,0.494127,181473758.0,181473758.0,182247784.0,168558895.0,164638036.0,3053831.0,0.00234,0.0,0.000154,0.002567,0.0,3290850.0,3290850.0,0.0,0.0,0.0,0.0,204619.0,0.500436,3290850.0,0.0,6505284.0,3214434.0,57606688.0,22.3,60.3,4921548,162990,7027486.0,892228,0,4237602.0,945214.0,0,0.925691491950322,49.0,pass,pass,Sanger / Illumina 1.9,Conventional base calls,FASTQC_OUT,warn,pass,pass,fail,pass,pass,pass,pass,warn,50-57,warn,0.0,53.18315848586022,6603170.0,female,NA,0.5,(y_counts^2 / total_counts) > cutoff,1998613,64290,583,6,6,9.332711152589827e-05,0.010291595197255575
lib30558_CCGF9ANXX,0.0,UNPAIRED,73102069.0,954733.0,0.0,928180.0,9811503.0,59910671.0,Unknown Library,55.38831,0.871804,0.56348,0.627297,0.378591,0.0,0.0,0.356314,0.507051,0.047823,0.292016,0.659159,1.0,1.0,0.0,0.001012,0.65653,0.302846,0.472544,205162134.0,205162134.0,205983696.0,191187461.0,186712620.0,3462592.0,0.0023,0.0,0.000153,0.002505,0.0,3718902.0,3718902.0,0.0,0.0,0.0,0.0,207564.0,0.500251,3718902.0,0.0,7050641.0,3331739.0,62132488.0,19.6,60.9,4602654,174655,7566829.0,1129320,0,4610603.0,903198.0,0,0.9317827851006016,49.0,pass,pass,Sanger / Illumina 1.9,Conventional base calls,FASTQC_OUT,fail,pass,pass,fail,pass,warn,pass,pass,warn,50-57,warn,0.0,55.173390266236936,7152842.0,female,NA,0.5,(y_counts^2 / total_counts) > cutoff,2158617,68297,606,4,4,5.856772625444749e-05,0.006600660066006601
lib30559_CCGF9ANXX,0.0,UNPAIRED,76285033.0,967105.0,0.0,942066.0,8357789.0,55872061.0,Unknown Library,55.395528,0.861999,0.582474,0.665604,0.365074,0.0,0.0,0.378493,0.506558,0.041468,0.277213,0.680377,1.0,1.0,0.0,0.00095,0.677979,0.301884,0.442951,201549348.0,201549348.0,202262480.0,188220397.0,183663482.0,3407203.0,0.002167,0.0,0.000144,0.002328,0.0,3651242.0,3651242.0,0.0,0.0,0.0,0.0,191474.0,0.500058,3651242.0,0.0,6554615.0,2903373.0,60844599.0,17.0,62.5,3597597,178275,6982159.0,1037646,0,4361014.0,741025.0,0,0.9387662183000989,49.0,pass,pass,Sanger / Illumina 1.9,Conventional base calls,FASTQC_OUT,fail,pass,pass,fail,pass,warn,pass,pass,warn,50-57,warn,0.0,57.727995981703884,6638743.0,male,NA,0.5,(y_counts^2 / total_counts) > cutoff,2191282,70206,616,1924,25,0.0274050650941515,0.040584415584415584
lib30560_CCGF9ANXX,0.0,UNPAIRED,86207879.0,1094515.0,0.0,1073962.0,9796567.0,53825122.0,Unknown Library,55.381461,0.871314,0.591924,0.668625,0.365379,0.0,0.0,0.391891,0.504739,0.044534,0.244683,0.709856,1.0,1.0,0.0,0.000938,0.70708,0.317966,0.50477,219979285.0,219979285.0,220843044.0,204508068.0,199808990.0,3703923.0,0.002194,0.0,0.00015,0.002379,0.0,3987671.0,3987671.0,0.0,0.0,0.0,0.0,206298.0,0.500328,3987671.0,0.0,8052160.0,4064489.0,69945842.0,23.4,61.0,6458977,208456,8630991.0,1014414,0,5268420.0,1234402.0,0,0.9329357428364831,50.0,pass,pass,Sanger / Illumina 1.9,Conventional base calls,FASTQC_OUT,fail,pass,pass,fail,pass,pass,pass,pass,warn,50-57,warn,0.0,52.116062322724666,8160501.0,male,NA,0.5,(y_counts^2 / total_counts) > cutoff,2481053,77567,620,2363,27,0.03046398597341653,0.043548387096774194
lib30561_CCGF9ANXX,0.0,UNPAIRED,80649068.0,1018031.0,0.0,1000098.0,16073815.0,78647951.0,Unknown Library,55.429133,0.868977,0.576142,0.680567,0.370054,0.0,0.0,0.337985,0.504443,0.067362,0.329598,0.602147,1.0,1.0,0.0,0.000901,0.60014,0.264162,0.456427,238617624.0,238617624.0,239415442.0,223746629.0,218483787.0,4047423.0,0.00224,0.0,0.000159,0.00244,0.0,4319307.0,4319307.0,0.0,0.0,0.0,0.0,215075.0,0.500027,4319307.0,0.0,7946147.0,3626840.0,63033807.0,16.9,62.0,4464283,168841,8337611.0,1551665,0,5166816.0,872038.0,0,0.9530484211844376,48.0,pass,pass,Sanger / Illumina 1.9,Conventional base calls,FASTQC_OUT,fail,pass,pass,fail,pass,pass,pass,pass,warn,50-57,warn,0.0,56.55868780680693,8049192.0,female,NA,0.5,(y_counts^2 / total_counts) > cutoff,2326917,73626,687,12,8,0.00016298590171950127,0.011644832605531296
lib30562_CCGF9ANXX,0.0,UNPAIRED,94064661.0,1160850.0,0.0,1146741.0,11021748.0,75261296.0,Unknown Library,55.4136,0.853968,0.581966,0.679935,0.362968,0.0,0.0,0.373969,0.503057,0.043819,0.299214,0.656126,1.0,1.0,0.0,0.000852,0.653852,0.282156,0.47218,251530373.0,251530373.0,252404846.0,235570984.0,230066965.0,4263070.0,0.002195,0.0,0.000161,0.002356,0.0,4554926.0,4554926.0,0.0,0.0,0.0,0.0,214191.0,0.500141,4554926.0,0.0,8629694.0,4074768.0,70970833.0,18.2,61.2,5128180,201834,9070574.0,1403256,0,5551780.0,1009117.0,0,0.9513944762481404,49.0,pass,pass,Sanger / Illumina 1.9,Conventional base calls,FASTQC_OUT,fail,pass,pass,fail,pass,pass,pass,pass,warn,50-57,warn,0.0,55.00721279484863,8738084.0,female,NA,0.5,(y_counts^2 / total_counts) > cutoff,2657980,85291,641,4,4,4.689826593661699e-05,0.0062402496099844
lib30563_CCGF9ANXX,0.0,UNPAIRED,77985941.0,1000001.0,0.0,982473.0,12752389.0,70064653.0,Unknown Library,55.411325,0.845525,0.560201,0.67492,0.376139,0.0,0.0,0.346959,0.504421,0.056735,0.311718,0.630606,1.0,1.0,0.0,0.000951,0.628307,0.283647,0.466531,224769652.0,224769652.0,225592081.0,210306747.0,205302872.0,3806507.0,0.002298,0.0,0.000158,0.002526,0.0,4071227.0,4071227.0,0.0,0.0,0.0,0.0,213720.0,0.500489,4071227.0,0.0,7631608.0,3560381.0,63755152.0,17.2,60.9,4244179,172978,8044587.0,1350480,0,4901878.0,842701.0,0,0.948663741221271,48.0,pass,pass,Sanger / Illumina 1.9,Conventional base calls,FASTQC_OUT,fail,pass,pass,fail,pass,pass,pass,pass,warn,50-57,warn,0.0,55.61699916057003,7733338.0,male,NA,0.5,(y_counts^2 / total_counts) > cutoff,2283049,70366,614,1989,30,0.028266492340050593,0.048859934853420196
lib30564_CCGF9ANXX,0.0,UNPAIRED,69017509.0,895985.0,0.0,882571.0,11069501.0,62341015.0,Unknown Library,55.288017,0.876038,0.540428,0.641343,0.390872,0.0,0.0,0.343722,0.503771,0.055128,0.310471,0.63335,1.0,1.0,0.0,0.00106,0.631126,0.289628,0.428259,200794657.0,200794657.0,201502374.0,187471918.0,181559740.0,3400141.0,0.002388,0.0,0.000151,0.002599,0.0,3644594.0,3644594.0,0.0,0.0,0.0,0.0,212879.0,0.500385,3644594.0,0.0,6374552.0,2729958.0,58155801.0,17.7,64.9,3947246,155791,6738628.0,1197761,0,4370277.0,774929.0,0,0.9459717912904526,48.0,pass,pass,Sanger / Illumina 1.9,Conventional base calls,FASTQC_OUT,fail,pass,pass,fail,pass,pass,pass,pass,warn,50-57,warn,0.0,58.87668848245379,6461491.0,male,NA,0.5,(y_counts^2 / total_counts) > cutoff,2046589,63825,609,1942,28,0.030426948687818253,0.04597701149425287
lib30565_CCGF9ANXX,0.0,UNPAIRED,65982589.0,882243.0,0.0,861346.0,14591976.0,77385292.0,Unknown Library,55.429866,0.877642,0.550849,0.617854,0.397288,0.0,0.0,0.303309,0.505993,0.067076,0.355725,0.57623,1.0,1.0,0.0,0.00098,0.574074,0.272921,0.427018,217542729.0,217542729.0,218359748.0,203080263.0,198371622.0,3674599.0,0.002338,0.0,0.000171,0.002585,0.0,3939388.0,3939388.0,0.0,0.0,0.0,0.0,213152.0,0.500525,3939388.0,0.0,6875240.0,2935852.0,59372017.0,16.2,63.7,3736800,156935,7321690.0,1505069,0,4665450.0,755246.0,0,0.9390236407168291,48.0,pass,pass,Sanger / Illumina 1.9,Conventional base calls,FASTQC_OUT,fail,pass,pass,fail,pass,pass,pass,pass,warn,50-57,warn,0.0,59.54718644097979,6976763.0,male,NA,0.5,(y_counts^2 / total_counts) > cutoff,2012595,63512,641,2035,32,0.03204118906663308,0.0499219968798752
lib30566_CCGF9ANXX,0.0,UNPAIRED,80057335.0,1017649.0,0.0,996264.0,14855737.0,66157628.0,Unknown Library,55.427505,0.875451,0.566053,0.652174,0.373301,0.0,0.0,0.355573,0.505309,0.065981,0.293838,0.639255,1.0,1.0,0.0,0.000934,0.636972,0.283682,0.446645,225150077.0,225150077.0,225957153.0,210639742.0,205695948.0,3811107.0,0.002265,0.0,0.000151,0.002537,0.0,4076625.0,4076625.0,0.0,0.0,0.0,0.0,210380.0,0.500175,4076625.0,0.0,7367101.0,3290476.0,63871033.0,16.1,62.1,3848737,172841,7774992.0,1318680,0,4831002.0,778323.0,0,0.947538081068122,48.0,pass,pass,Sanger / Illumina 1.9,Conventional base calls,FASTQC_OUT,fail,pass,pass,fail,pass,pass,pass,pass,warn,50-57,warn,0.0,57.73510796398843,7465473.0,male,NA,0.5,(y_counts^2 / total_counts) > cutoff,2319586,73301,645,1368,23,0.01866277404128184,0.03565891472868217
lib30567_CCGF9ANXX,0.0,UNPAIRED,27640425.0,442084.0,0.0,418314.0,28483276.0,61266333.0,Unknown Library,55.377176,1.053077,0.416085,0.393939,0.543647,0.0,0.0,0.18122,0.513813,0.186746,0.401682,0.410254,1.0,1.0,0.0,0.001337,0.408012,0.229034,0.440865,152524286.0,152524286.0,153362381.0,139380166.0,136171197.0,2526583.0,0.002952,0.0,0.000183,0.003555,0.0,2769415.0,2769415.0,0.0,0.0,0.0,0.0,203900.0,0.50029,2769415.0,0.0,4953036.0,2183621.0,34933301.0,30.1,67.4,6665379,81862,5709780.0,1453608,0,3850028.0,1160612.0,0,0.8674652963862005,47.0,pass,pass,Sanger / Illumina 1.9,Conventional base calls,FASTQC_OUT,fail,warn,pass,fail,pass,pass,pass,pass,warn,50-57,warn,0.0,58.7243758701039,5099401.0,male,NA,0.5,(y_counts^2 / total_counts) > cutoff,991113,30751,586,1172,30,0.03811258170466001,0.051194539249146756
lib30568_CCGF9ANXX,0.0,UNPAIRED,86343982.0,1070058.0,0.0,1050722.0,18272519.0,74999739.0,Unknown Library,55.419753,0.852253,0.581856,0.673212,0.365899,0.0,0.0,0.352349,0.504559,0.074566,0.306056,0.618507,1.0,1.0,0.0,0.000881,0.616387,0.266158,0.447975,245052339.0,245052339.0,245895060.0,229107640.0,223722077.0,4145215.0,0.002285,0.0,0.000152,0.002558,0.0,4436957.0,4436957.0,0.0,0.0,0.0,0.0,215991.0,0.500165,4436957.0,0.0,8037599.0,3600642.0,65222540.0,16.9,62.6,4527704,187285,8495254.0,1518981,0,5313829.0,899013.0,0,0.9461281557914573,49.0,pass,pass,Sanger / Illumina 1.9,Conventional base calls,FASTQC_OUT,fail,pass,pass,fail,pass,pass,pass,pass,warn,50-57,warn,0.0,57.43289944842882,8149308.0,female,NA,0.5,(y_counts^2 / total_counts) > cutoff,2438949,77347,691,10,8,0.00012928749660620322,0.011577424023154847
lib30569_CCGF9ANXX,0.0,UNPAIRED,96402862.0,1165650.0,0.0,1149771.0,8680661.0,48767990.0,Unknown Library,55.43616,0.865245,0.57241,0.665592,0.361056,0.0,0.0,0.433928,0.503429,0.039073,0.219514,0.74047,1.0,1.0,0.0,0.000951,0.738044,0.306542,0.484949,222163345.0,222163345.0,222893500.0,208467279.0,203756096.0,3770613.0,0.002063,0.0,0.000146,0.002203,0.0,4020724.0,4020724.0,0.0,0.0,0.0,0.0,211380.0,0.499981,4020724.0,0.0,7806459.0,3785735.0,68102443.0,16.7,59.5,4054009,190610,8146538.0,922532,0,4843917.0,810172.0,0,0.9582547825837184,49.0,pass,pass,Sanger / Illumina 1.9,Conventional base calls,FASTQC_OUT,warn,pass,pass,fail,pass,pass,pass,pass,warn,50-57,warn,0.0,54.00254354812988,7886733.0,female,NA,0.5,(y_counts^2 / total_counts) > cutoff,2657471,86504,610,11,9,0.0001271617497456765,0.014754098360655738
lib30570_CCGF9ANXX,0.0,UNPAIRED,68818684.0,862221.0,0.0,848386.0,12971033.0,57385819.0,Unknown Library,55.257264,0.852876,0.538405,0.630659,0.400007,0.0,0.0,0.357467,0.504044,0.067376,0.298081,0.633467,1.0,1.0,0.0,0.001087,0.631381,0.276,0.410342,192517563.0,192517563.0,193153478.0,179253067.0,172900308.0,3252219.0,0.002456,0.0,0.000157,0.002716,0.0,3495531.0,3495531.0,0.0,0.0,0.0,0.0,209187.0,0.500403,3495531.0,0.0,5928070.0,2432539.0,53134774.0,17.3,66.5,3602295,147076,6236121.0,1143890,0,4146790.0,719393.0,0,0.9506021451476006,48.0,pass,pass,Sanger / Illumina 1.9,Conventional base calls,FASTQC_OUT,fail,pass,pass,fail,pass,pass,pass,pass,warn,50-57,warn,0.0,60.65703140573684,6010308.0,female,NA,0.5,(y_counts^2 / total_counts) > cutoff,1961253,64181,671,4,3,6.232374067091507e-05,0.004470938897168405
lib30571_CCGF9ANXX,0.0,UNPAIRED,81216631.0,1008854.0,0.0,997564.0,20362963.0,67488901.0,Unknown Library,55.357784,0.83691,0.572072,0.678161,0.37084,0.0,0.0,0.35165,0.502813,0.088167,0.292212,0.618689,1.0,1.0,0.0,0.000941,0.616607,0.267039,0.46912,230958773.0,230958773.0,231738535.0,215662125.0,209723940.0,3906115.0,0.002327,0.0,0.000152,0.002607,0.0,4186196.0,4186196.0,0.0,0.0,0.0,0.0,217392.0,0.500416,4186196.0,0.0,7885395.0,3699199.0,61675010.0,19.2,62.0,5149049,172973,8291046.0,1431784,0,5140843.0,985512.0,0,0.9510736039819342,49.0,pass,pass,Sanger / Illumina 1.9,Conventional base calls,FASTQC_OUT,fail,pass,pass,fail,pass,pass,pass,pass,warn,50-57,warn,0.0,55.43329684942799,8002597.0,female,NA,0.5,(y_counts^2 / total_counts) > cutoff,2301358,74843,726,9,5,0.00012025172694841201,0.006887052341597796
lib30572_CCGF9ANXX,0.0,UNPAIRED,15745442.0,252563.0,0.0,243669.0,8539303.0,31278983.0,Unknown Library,55.20822,1.135294,0.354785,0.321705,0.651901,0.0,0.0,0.20724,0.508962,0.112394,0.411691,0.473738,1.0,1.0,0.0,0.002213,0.470391,0.266498,0.425094,75976826.0,75976826.0,76517434.0,68637370.0,66899145.0,1249572.0,0.003105,0.0,0.000187,0.003601,0.0,1385979.0,1385979.0,0.0,0.0,0.0,0.0,168116.0,0.500897,1385979.0,0.0,2410792.0,1024813.0,20247649.0,35.2,69.7,4132128,48232,2865115.0,634122,0,1997738.0,702305.0,0,0.8414294016121517,49.0,pass,pass,Sanger / Illumina 1.9,Conventional base calls,FASTQC_OUT,fail,warn,pass,fail,pass,warn,pass,pass,warn,50-57,warn,0.0,60.44798961792869,2484040.0,female,NA,0.5,(y_counts^2 / total_counts) > cutoff,567218,17389,526,5,4,0.00028753809879809075,0.0076045627376425855
lib30573_CCGF9ANXX,0.0,UNPAIRED,76517556.0,973615.0,0.0,954771.0,14221934.0,48962252.0,Unknown Library,54.995663,0.889486,0.573464,0.628538,0.374805,0.0,0.0,0.381065,0.504886,0.070827,0.243837,0.684267,1.0,1.0,0.0,0.001084,0.681608,0.303202,0.486811,200799362.0,200799362.0,201582699.0,186593890.0,182280917.0,3403301.0,0.002315,0.0,0.000168,0.002618,0.0,3665429.0,3665429.0,0.0,0.0,0.0,0.0,217641.0,0.500239,3665429.0,0.0,7142460.0,3477031.0,60882737.0,19.4,60.6,4527040,174273,7628597.0,1021071,0,4624586.0,895446.0,0,0.9362743896420272,49.0,pass,pass,Sanger / Illumina 1.9,Conventional base calls,FASTQC_OUT,fail,pass,pass,fail,pass,pass,pass,pass,warn,50-57,warn,0.0,53.81274844758802,7241164.0,male,NA,0.5,(y_counts^2 / total_counts) > cutoff,2207957,69753,620,2204,32,0.0315972072885754,0.05161290322580645
lib30574_CCGF9ANXX,0.0,UNPAIRED,76221396.0,988867.0,0.0,973504.0,10591506.0,67758167.0,Unknown Library,54.923949,0.883893,0.542266,0.632439,0.382509,0.0,0.0,0.349831,0.503914,0.048611,0.310987,0.639429,1.0,1.0,0.0,0.000981,0.6372,0.289598,0.441152,217880902.0,217880902.0,218643232.0,204077007.0,198363248.0,3726016.0,0.002256,0.0,0.00016,0.002443,0.0,3980836.0,3980836.0,0.0,0.0,0.0,0.0,213818.0,0.500387,3980836.0,0.0,7123286.0,3142450.0,63097974.0,15.7,62.2,3601932,166268,7525303.0,1291952,0,4678896.0,732486.0,0,0.9465779650334345,48.0,pass,pass,Sanger / Illumina 1.9,Conventional base calls,FASTQC_OUT,fail,pass,pass,fail,pass,pass,pass,pass,warn,50-57,warn,0.0,57.857936811672836,7216470.0,female,NA,0.5,(y_counts^2 / total_counts) > cutoff,2267796,73054,633,7,4,9.581953075806937e-05,0.00631911532385466
lib30575_CCGF9ANXX,0.0,UNPAIRED,81062394.0,1001074.0,0.0,984614.0,10250442.0,47972084.0,Unknown Library,55.334282,0.886567,0.564264,0.652852,0.381827,0.0,0.0,0.405643,0.504145,0.051294,0.240056,0.707615,1.0,1.0,0.0,0.001045,0.705142,0.301972,0.455663,199836836.0,199836836.0,200537857.0,186412162.0,181020522.0,3378101.0,0.002279,0.0,0.000141,0.002522,0.0,3624116.0,3624116.0,0.0,0.0,0.0,0.0,208766.0,0.49964,3624116.0,0.0,6657853.0,3033737.0,60345178.0,16.4,61.5,3437266,169490,7054941.0,936725,0,4335951.0,711060.0,0,0.9437149084591919,48.0,pass,pass,Sanger / Illumina 1.9,Conventional base calls,FASTQC_OUT,fail,pass,pass,fail,pass,pass,pass,pass,warn,50-57,warn,0.0,56.553779527168416,6740413.0,male,NA,0.5,(y_counts^2 / total_counts) > cutoff,2271886,72517,645,2049,24,0.02825544355116731,0.037209302325581395
lib30576_CCGF9ANXX,0.0,UNPAIRED,72595869.0,907085.0,0.0,890754.0,17384552.0,68825837.0,Unknown Library,55.321507,0.841005,0.578105,0.666044,0.386615,0.0,0.0,0.337165,0.504542,0.080741,0.319656,0.598687,1.0,1.0,0.0,0.000925,0.596555,0.261521,0.394276,215312306.0,215312306.0,216081880.0,200684730.0,194586301.0,3637531.0,0.002481,0.0,0.00017,0.002751,0.0,3905929.0,3905929.0,0.0,0.0,0.0,0.0,199162.0,0.499899,3905929.0,0.0,6448368.0,2542439.0,56308774.0,15.0,65.1,3209138,160123,6917769.0,1409438,0,4505340.0,676620.0,0,0.9321456093720388,48.0,pass,pass,Sanger / Illumina 1.9,Conventional base calls,FASTQC_OUT,warn,pass,pass,fail,pass,pass,pass,pass,warn,50-57,warn,0.0,62.385178810275555,6587053.0,male,NA,0.5,(y_counts^2 / total_counts) > cutoff,2067970,64548,680,2012,31,0.03117060172274896,0.045588235294117645
lib30577_CCGF9ANXX,0.0,UNPAIRED,66457245.0,818015.0,0.0,801759.0,11192384.0,39137356.0,Unknown Library,55.414007,0.851766,0.572667,0.662131,0.391059,0.0,0.0,0.397754,0.505018,0.066988,0.234241,0.697598,1.0,1.0,0.0,0.001185,0.694703,0.299845,0.487128,167081356.0,167081356.0,167777598.0,154202624.0,150676673.0,2791773.0,0.002499,0.0,0.000179,0.002855,0.0,3027711.0,3027711.0,0.0,0.0,0.0,0.0,197971.0,0.500101,3027711.0,0.0,5903442.0,2875731.0,50098430.0,21.8,61.8,4339520,153580,6320629.0,800170,0,3903879.0,851186.0,0,0.9339959678063686,50.0,pass,pass,Sanger / Illumina 1.9,Conventional base calls,FASTQC_OUT,fail,pass,pass,fail,pass,pass,pass,pass,warn,50-57,warn,0.0,54.868500583589494,6001225.0,male,NA,0.5,(y_counts^2 / total_counts) > cutoff,1838023,58324,605,1724,32,0.029559015156710788,0.05289256198347107
lib30578_CCGF9ANXX,0.0,UNPAIRED,54346369.0,714051.0,0.0,699907.0,10414229.0,46586078.0,Unknown Library,55.2998,0.875227,0.526867,0.589177,0.412384,0.0,0.0,0.343044,0.505002,0.065736,0.29406,0.638902,1.0,1.0,0.0,0.001316,0.63648,0.295858,0.421372,158423846.0,158423846.0,159026740.0,147074227.0,142426501.0,2667423.0,0.002511,0.0,0.000178,0.00278,0.0,2875720.0,2875720.0,0.0,0.0,0.0,0.0,208421.0,0.500146,2875720.0,0.0,4969894.0,2094174.0,46870938.0,17.8,65.1,3045894,122859,5290979.0,923763,0,3442808.0,611144.0,0,0.9393146334544137,48.0,pass,pass,Sanger / Illumina 1.9,Conventional base calls,FASTQC_OUT,fail,pass,pass,fail,pass,pass,pass,pass,warn,50-57,warn,0.0,60.13196172922394,5042055.0,male,NA,0.5,(y_counts^2 / total_counts) > cutoff,1620801,50576,571,1627,28,0.032169408415058526,0.04903677758318739
lib30579_CCGF9ANXX,0.0,UNPAIRED,87226840.0,1059872.0,0.0,1045446.0,9346020.0,43577765.0,Unknown Library,55.415183,0.876479,0.581954,0.670404,0.365548,0.0,0.0,0.430826,0.503426,0.046161,0.215237,0.737593,1.0,1.0,0.0,0.001017,0.735123,0.306767,0.493425,202464056.0,202464056.0,203144578.0,189569060.0,185118203.0,3430240.0,0.002151,0.0,0.000138,0.002383,0.0,3665865.0,3665865.0,0.0,0.0,0.0,0.0,205991.0,0.500465,3665865.0,0.0,7236566.0,3570701.0,62109323.0,15.5,57.9,3251165,171922,7553143.0,846687,0,4370556.0,677247.0,0,0.9580867196609412,49.0,pass,pass,Sanger / Illumina 1.9,Conventional base calls,FASTQC_OUT,fail,pass,pass,fail,pass,pass,pass,pass,warn,50-57,warn,0.0,53.010132535431474,7312428.0,male,NA,0.5,(y_counts^2 / total_counts) > cutoff,2411631,76567,588,1674,29,0.021863204774903028,0.04931972789115646
lib30580_CCGF9ANXX,0.0,UNPAIRED,73960885.0,927784.0,0.0,915085.0,11534463.0,63637448.0,Unknown Library,55.417614,0.87425,0.573725,0.660946,0.381281,0.0,0.0,0.3574,0.503445,0.055738,0.307514,0.635756,1.0,1.0,0.0,0.001,0.63357,0.278356,0.445415,206941536.0,206941536.0,207655454.0,193753196.0,189083204.0,3505988.0,0.002257,0.0,0.000164,0.002473,0.0,3747102.0,3747102.0,0.0,0.0,0.0,0.0,206963.0,0.500419,3747102.0,0.0,6756586.0,3009484.0,57603443.0,16.1,62.2,3511402,155353,7100689.0,1225784,0,4415390.0,709313.0,0,0.9515394914493509,48.0,pass,pass,Sanger / Illumina 1.9,Conventional base calls,FASTQC_OUT,fail,pass,pass,fail,pass,pass,pass,pass,warn,50-57,warn,0.0,57.78196137548234,6843446.0,female,NA,0.5,(y_counts^2 / total_counts) > cutoff,2124851,68085,640,4,4,5.875009179701843e-05,0.00625
lib30581_CCGF9ANXX,0.0,UNPAIRED,71181130.0,908032.0,0.0,890147.0,12135604.0,64780470.0,Unknown Library,55.428124,0.87401,0.557762,0.633949,0.382707,0.0,0.0,0.346185,0.504973,0.059021,0.315055,0.624901,1.0,1.0,0.0,0.001034,0.622601,0.278717,0.432359,205616149.0,205616149.0,206375868.0,192260975.0,187743649.0,3478882.0,0.002285,0.0,0.000169,0.002508,0.0,3723306.0,3723306.0,0.0,0.0,0.0,0.0,212572.0,0.499552,3723306.0,0.0,6559259.0,2835953.0,57308653.0,16.5,63.3,3624276,154324,6959247.0,1255528,0,4408411.0,725610.0,0,0.9425242414876207,48.0,pass,pass,Sanger / Illumina 1.9,Conventional base calls,FASTQC_OUT,fail,pass,pass,fail,pass,pass,pass,pass,warn,50-57,warn,0.0,59.005143484305364,6648546.0,female,NA,0.5,(y_counts^2 / total_counts) > cutoff,2069030,65681,647,5,4,7.61255157503692e-05,0.0061823802163833074
lib30582_CCGF9ANXX,0.0,UNPAIRED,90505122.0,1115405.0,0.0,1099219.0,12113084.0,46239075.0,Unknown Library,55.002018,0.851674,0.578145,0.6625,0.364967,0.0,0.0,0.420186,0.503654,0.056237,0.214673,0.728076,1.0,1.0,0.0,0.001025,0.725497,0.30789,0.519185,215392837.0,215392837.0,216158425.0,200911194.0,196326619.0,3663175.0,0.002196,0.0,0.00015,0.002457,0.0,3930009.0,3930009.0,0.0,0.0,0.0,0.0,220871.0,0.500127,3930009.0,0.0,8173647.0,4243638.0,66317248.0,18.2,58.0,4588632,192035,8605406.0,937767,0,4991955.0,910819.0,0,0.9498270040948678,49.0,pass,pass,Sanger / Illumina 1.9,Conventional base calls,FASTQC_OUT,fail,pass,pass,fail,pass,pass,pass,pass,warn,50-57,warn,0.0,50.72886582155218,8267838.0,male,NA,0.5,(y_counts^2 / total_counts) > cutoff,2533373,81569,624,2063,30,0.02529147102453138,0.04807692307692308
lib30583_CCGF9ANXX,0.0,UNPAIRED,72011984.0,906232.0,0.0,888281.0,16189433.0,59523376.0,Unknown Library,55.421909,0.877409,0.577392,0.65668,0.375583,0.0,0.0,0.352527,0.505002,0.079254,0.29139,0.62834,1.0,1.0,0.0,0.001027,0.626062,0.275813,0.460035,204273803.0,204273803.0,205017169.0,190788942.0,186284050.0,3452377.0,0.002347,0.0,0.00017,0.002651,0.0,3699208.0,3699208.0,0.0,0.0,0.0,0.0,209722.0,0.499943,3699208.0,0.0,6850834.0,3151626.0,56341463.0,16.0,60.7,3496330,151843,7267731.0,1228724,0,4409680.0,705393.0,0,0.942637255011227,48.0,pass,pass,Sanger / Illumina 1.9,Conventional base calls,FASTQC_OUT,fail,pass,pass,fail,pass,pass,pass,pass,warn,50-57,warn,0.0,56.64400107460798,6943782.0,male,NA,0.5,(y_counts^2 / total_counts) > cutoff,2071810,65663,628,1693,42,0.025783165557467676,0.06687898089171974
lib30584_CCGF9ANXX,0.0,UNPAIRED,62872243.0,829250.0,0.0,812263.0,14410592.0,67207559.0,Unknown Library,55.405045,0.865943,0.56541,0.633838,0.387354,0.0,0.0,0.314446,0.505174,0.072072,0.336128,0.590763,1.0,1.0,0.0,0.001049,0.588398,0.276317,0.430125,199946333.0,199946333.0,200749876.0,185864213.0,181590156.0,3365136.0,0.002462,0.0,0.000177,0.002763,0.0,3623314.0,3623314.0,0.0,0.0,0.0,0.0,209676.0,0.500073,3623314.0,0.0,6358080.0,2734766.0,55248591.0,18.8,64.4,4230459,150734,6831738.0,1324913,0,4400304.0,827965.0,0,0.9306680086385046,49.0,pass,pass,Sanger / Illumina 1.9,Conventional base calls,FASTQC_OUT,warn,pass,pass,fail,pass,pass,pass,pass,warn,50-57,warn,0.0,59.34474914204014,6462298.0,male,NA,0.5,(y_counts^2 / total_counts) > cutoff,1889489,59121,622,1794,23,0.030344547622672146,0.03697749196141479
lib30585_CCGF9ANXX,0.0,UNPAIRED,94578784.0,1137261.0,0.0,1127960.0,14402935.0,62604999.0,Unknown Library,55.010317,0.861837,0.576751,0.6748,0.35693,0.0,0.0,0.397933,0.502053,0.060599,0.263406,0.675115,1.0,1.0,0.0,0.00089,0.672839,0.277182,0.487676,237675280.0,237675280.0,238479351.0,222747535.0,217720383.0,4060283.0,0.002261,0.0,0.000163,0.002512,0.0,4335175.0,4335175.0,0.0,0.0,0.0,0.0,211568.0,0.500041,4335175.0,0.0,8461791.0,4126616.0,65879385.0,16.6,58.5,4321159,187089,8887069.0,1257575,0,5201651.0,863534.0,0,0.9521464275792165,49.0,pass,pass,Sanger / Illumina 1.9,Conventional base calls,FASTQC_OUT,fail,pass,pass,fail,pass,pass,pass,pass,warn,50-57,warn,0.0,53.710385849742394,8562965.0,female,NA,0.5,(y_counts^2 / total_counts) > cutoff,2615619,82533,653,7,6,8.48145590248749e-05,0.009188361408882083
lib30586_CCGF9ANXX,0.0,UNPAIRED,89967865.0,1104610.0,0.0,1088261.0,14630777.0,50333285.0,Unknown Library,55.373008,0.863315,0.565571,0.655706,0.37279,0.0,0.0,0.405368,0.503728,0.065922,0.226787,0.706325,1.0,1.0,0.0,0.000977,0.703725,0.300956,0.479698,221941044.0,221941044.0,222761016.0,206763054.0,201418668.0,3744878.0,0.002352,0.0,0.000163,0.002645,0.0,4022917.0,4022917.0,0.0,0.0,0.0,0.0,216832.0,0.500054,4022917.0,0.0,7731890.0,3708973.0,66794593.0,17.8,60.6,4354000,194028,8158022.0,1041131,0,4947272.0,882966.0,0,0.9477652793777708,48.0,pass,pass,Sanger / Illumina 1.9,Conventional base calls,FASTQC_OUT,fail,pass,pass,fail,pass,pass,pass,pass,warn,50-57,warn,0.0,54.47957291092411,7836411.0,male,NA,0.5,(y_counts^2 / total_counts) > cutoff,2509719,80151,622,2207,38,0.027535526693366272,0.06109324758842444
lib30587_CCGF9ANXX,0.0,UNPAIRED,62062894.0,804198.0,0.0,782977.0,10197618.0,52555259.0,Unknown Library,55.374841,0.884999,0.550113,0.647936,0.392155,0.0,0.0,0.350744,0.506685,0.057631,0.297012,0.644208,1.0,1.0,0.0,0.00116,0.641778,0.293464,0.43102,176946313.0,176946313.0,177616132.0,164576613.0,160390235.0,2980886.0,0.002357,0.0,0.000172,0.002578,0.0,3207524.0,3207524.0,0.0,0.0,0.0,0.0,205184.0,0.50075,3207524.0,0.0,5637327.0,2429803.0,51927316.0,17.4,63.6,3324583,143934,6035907.0,1015229,0,3841335.0,668817.0,0,0.9339651853482832,49.0,pass,pass,Sanger / Illumina 1.9,Conventional base calls,FASTQC_OUT,fail,pass,pass,fail,pass,pass,pass,pass,warn,50-57,warn,0.0,59.08444470862467,5717597.0,male,NA,0.5,(y_counts^2 / total_counts) > cutoff,1821723,57212,625,1743,28,0.030465636579738515,0.0448
lib30588_CCGF9ANXX,0.0,UNPAIRED,72849214.0,903713.0,0.0,892722.0,9879443.0,58398816.0,Unknown Library,55.428914,0.881575,0.576721,0.671323,0.376678,0.0,0.0,0.370627,0.503059,0.050263,0.297109,0.651588,1.0,1.0,0.0,0.001051,0.649186,0.280961,0.467437,196556829.0,196556829.0,197283978.0,183368881.0,179223810.0,3317962.0,0.002218,0.0,0.000172,0.002409,0.0,3559225.0,3559225.0,0.0,0.0,0.0,0.0,206615.0,0.500137,3559225.0,0.0,6683194.0,3123969.0,55224766.0,21.6,63.9,5278823,157679,7071714.0,1105371,0,4519829.0,977259.0,0,0.945059995356147,49.0,pass,pass,Sanger / Illumina 1.9,Conventional base calls,FASTQC_OUT,fail,pass,pass,fail,pass,pass,pass,pass,warn,50-57,warn,0.0,55.657366429148624,6771667.0,male,NA,0.5,(y_counts^2 / total_counts) > cutoff,2054912,65283,613,2146,29,0.032872263835914406,0.04730831973898858
lib30589_CCGF9ANXX,0.0,UNPAIRED,80919976.0,1019632.0,0.0,1002863.0,9955135.0,64051690.0,Unknown Library,55.437647,0.871597,0.583415,0.661963,0.36978,0.0,0.0,0.3704,0.504146,0.045568,0.293188,0.660306,1.0,1.0,0.0,0.000948,0.657868,0.289906,0.485307,218466494.0,218466494.0,219276074.0,204466365.0,199936278.0,3699110.0,0.002154,0.0,0.000167,0.002315,0.0,3955364.0,3955364.0,0.0,0.0,0.0,0.0,207208.0,0.500162,3955364.0,0.0,7684903.0,3729539.0,63334723.0,20.4,61.7,5482509,173221,8111518.0,1201251,0,5002869.0,1021562.0,0,0.9474062684691078,49.0,pass,pass,Sanger / Illumina 1.9,Conventional base calls,FASTQC_OUT,fail,pass,pass,fail,pass,pass,pass,pass,warn,50-57,warn,0.0,53.98468565607072,7780137.0,male,NA,0.5,(y_counts^2 / total_counts) > cutoff,2324638,74252,589,2544,32,0.034261703388460914,0.05432937181663837
lib30590_CCGF9ANXX,0.0,UNPAIRED,77696283.0,1005587.0,0.0,986559.0,10503401.0,76446593.0,Unknown Library,55.435087,0.869523,0.577775,0.671073,0.373461,0.0,0.0,0.339056,0.504776,0.045835,0.333603,0.619643,1.0,1.0,0.0,0.000929,0.617502,0.280587,0.432238,229154698.0,229154698.0,229949233.0,215271953.0,210289179.0,3894189.0,0.002143,0.0,0.000157,0.002291,0.0,4148081.0,4148081.0,0.0,0.0,0.0,0.0,212851.0,0.500094,4148081.0,0.0,7306025.0,3157944.0,64297905.0,14.7,62.6,3505438,165585,7695917.0,1426823,0,4817732.0,709294.0,0,0.9493378112056042,48.0,pass,pass,Sanger / Illumina 1.9,Conventional base calls,FASTQC_OUT,fail,pass,pass,fail,pass,pass,pass,pass,warn,50-57,warn,0.0,58.74334540755408,7395298.0,female,NA,0.5,(y_counts^2 / total_counts) > cutoff,2301781,73485,646,4,4,5.4432877457984625e-05,0.006191950464396285
lib30591_CCGF9ANXX,0.0,UNPAIRED,101385249.0,1239193.0,0.0,1221461.0,18992926.0,75738568.0,Unknown Library,55.421106,0.866388,0.598383,0.709455,0.35247,0.0,0.0,0.375734,0.503603,0.070388,0.280687,0.648201,1.0,1.0,0.0,0.000732,0.646017,0.272467,0.430245,269832868.0,269832868.0,270744740.0,252880144.0,246906733.0,4575139.0,0.002265,0.0,0.000155,0.002543,0.0,4885228.0,4885228.0,0.0,0.0,0.0,0.0,197427.0,0.500211,4885228.0,0.0,8574261.0,3689033.0,73520582.0,15.0,62.9,4130129,202818,9007125.0,1539602,0,5663255.0,849430.0,0,0.9519420458803447,48.0,pass,pass,Sanger / Illumina 1.9,Conventional base calls,FASTQC_OUT,fail,pass,pass,fail,pass,pass,pass,pass,warn,50-57,warn,0.0,58.80220661665197,8690373.0,female,NA,0.5,(y_counts^2 / total_counts) > cutoff,2832719,92134,705,7,6,7.59762953958365e-05,0.00851063829787234
lib30592_CCGF9ANXX,0.0,UNPAIRED,87340846.0,1085629.0,0.0,1069784.0,14815075.0,68400495.0,Unknown Library,54.999755,0.869026,0.591901,0.690995,0.366432,0.0,0.0,0.370829,0.503676,0.062901,0.290413,0.645846,1.0,1.0,0.0,0.000848,0.643652,0.275016,0.445392,235528342.0,235528342.0,236331087.0,220331215.0,215193342.0,4016963.0,0.002252,0.0,0.00015,0.002498,0.0,4296948.0,4296948.0,0.0,0.0,0.0,0.0,199613.0,0.500182,4296948.0,0.0,7747725.0,3450777.0,64774138.0,14.9,61.1,3556574,182887,8202458.0,1363771,0,5012473.0,748158.0,0,0.9445613741636958,49.0,pass,pass,Sanger / Illumina 1.9,Conventional base calls,FASTQC_OUT,fail,pass,pass,fail,pass,pass,pass,pass,warn,50-57,warn,0.0,57.59072822016582,7850116.0,male,NA,0.5,(y_counts^2 / total_counts) > cutoff,2470305,78505,647,2108,31,0.02685179287943443,0.04791344667697063
lib30593_CCGF9ANXX,0.0,UNPAIRED,83416991.0,1038413.0,0.0,1028090.0,11778569.0,47619779.0,Unknown Library,55.410798,0.854056,0.569295,0.679484,0.36115,0.0,0.0,0.40289,0.502498,0.056889,0.229996,0.712088,1.0,1.0,0.0,0.001041,0.709102,0.309198,0.597935,207046457.0,207046457.0,207918437.0,192898598.0,188601318.0,3492858.0,0.002295,0.0,0.000172,0.002579,0.0,3752309.0,3752309.0,0.0,0.0,0.0,0.0,215491.0,0.499851,3752309.0,0.0,9332582.0,5580273.0,64018402.0,24.5,52.8,6941057,178327,9869458.0,945938,0,5208484.0,1275310.0,0,0.9456022813005537,50.0,pass,pass,Sanger / Illumina 1.9,Conventional base calls,FASTQC_OUT,fail,pass,pass,fail,pass,pass,pass,pass,fail,50-57,warn,0.0,43.941803206578214,9443798.0,male,NA,0.5,(y_counts^2 / total_counts) > cutoff,2368593,74862,590,1760,25,0.02350992492853517,0.0423728813559322
lib30594_CCGF9ANXX,0.0,UNPAIRED,79125888.0,1004490.0,0.0,982870.0,11643380.0,65383983.0,Unknown Library,55.410092,0.852269,0.571763,0.67007,0.374006,0.0,0.0,0.360298,0.505439,0.053018,0.297724,0.64831,1.0,1.0,0.0,0.000957,0.64593,0.288012,0.472371,219612585.0,219612585.0,220421790.0,205267995.0,200417759.0,3715439.0,0.002257,0.0,0.00016,0.002475,0.0,3978008.0,3978008.0,0.0,0.0,0.0,0.0,210243.0,0.499901,3978008.0,0.0,7539403.0,3561395.0,63251110.0,17.5,60.2,4153918,176019,7983929.0,1251145,0,4804798.0,842379.0,0,0.9443224006626312,49.0,pass,pass,Sanger / Illumina 1.9,Conventional base calls,FASTQC_OUT,fail,pass,pass,fail,pass,pass,pass,pass,warn,50-57,warn,0.0,55.10783793880375,7640520.0,female,NA,0.5,(y_counts^2 / total_counts) > cutoff,2288275,73470,653,7,6,9.527698380291275e-05,0.009188361408882083
